filename,label,tamper_type,font_inconsistencies,signature_mismatch,paper_anomalies,ink_spread,digital_metadata_flags,category_flags_total,error
Im100_2_cm.jpg,0,genuine,skipped,skipped,pass,skipped,pass,0,
Im100_2_col.jpg,0,genuine,skipped,skipped,pass,skipped,pass,0,
Im100_2_r.jpg,0,genuine,skipped,skipped,pass,skipped,pass,0,
Im100_3_cm.jpg,0,genuine,skipped,skipped,flag,skipped,pass,1,
Im100_3_col.jpg,0,genuine,skipped,skipped,pass,skipped,pass,0,
Im100_3_r.jpg,0,genuine,skipped,skipped,pass,skipped,pass,0,
Im100_4_cm.jpg,0,genuine,skipped,skipped,pass,skipped,pass,0,
Im10_2.jpg,0,genuine,skipped,skipped,pass,skipped,pass,0,
Im10_2_col.jpg,0,genuine,skipped,skipped,pass,skipped,pass,0,
Im10_2_r.jpg,0,genuine,skipped,skipped,pass,skipped,pass,0,
Im10_3.jpg,0,genuine,skipped,skipped,pass,skipped,pass,0,
Im10_3_col.jpg,0,genuine,skipped,skipped,pass,skipped,pass,0,
Im10_3_r.jpg,0,genuine,pass,skipped,pass,flag,pass,1,
Im10_4_col.jpg,0,genuine,pass,skipped,pass,skipped,pass,0,
Im11_2.jpg,0,genuine,skipped,skipped,pass,skipped,pass,0,
Im11_2_col.jpg,0,genuine,skipped,skipped,pass,skipped,pass,0,
Im11_2_r.jpg,0,genuine,skipped,skipped,pass,skipped,pass,0,
Im11_3.jpg,0,genuine,skipped,skipped,pass,skipped,pass,0,
Im11_3_col.jpg,0,genuine,skipped,skipped,pass,skipped,pass,0,
Im11_3_r.jpg,0,genuine,skipped,skipped,pass,skipped,pass,0,
Im11_4_r.jpg,0,genuine,skipped,skipped,pass,skipped,pass,0,
Im12_2.jpg,0,genuine,pass,skipped,pass,flag,pass,1,
Im12_2_col.jpg,0,genuine,skipped,skipped,pass,skipped,pass,0,
Im12_2_r.jpg,0,genuine,pass,skipped,pass,flag,pass,1,
Im12_3.jpg,0,genuine,skipped,skipped,pass,skipped,pass,0,
Im12_3_col.jpg,0,genuine,pass,skipped,pass,flag,pass,1,
Im12_3_r.jpg,0,genuine,skipped,skipped,pass,skipped,pass,0,
Im12_4_r.jpg,0,genuine,pass,skipped,pass,flag,pass,1,
Im13_2.jpg,0,genuine,pass,skipped,pass,flag,pass,1,
Im13_2_col.jpg,0,genuine,pass,skipped,skipped,flag,pass,1,
Im13_2_r.jpg,0,genuine,pass,skipped,flag,skipped,pass,1,
Im13_3.jpg,0,genuine,pass,skipped,pass,flag,pass,1,
Im13_3_col.jpg,0,genuine,pass,skipped,pass,skipped,pass,0,
Im13_3_r.jpg,0,genuine,pass,skipped,pass,flag,pass,1,
Im13_4.jpg,0,genuine,pass,skipped,pass,skipped,pass,0,
Im14_2.jpg,0,genuine,skipped,skipped,pass,skipped,pass,0,
Im14_2_col.jpg,0,genuine,pass,skipped,pass,flag,pass,1,
Im14_2_r.jpg,0,genuine,pass,skipped,pass,skipped,pass,0,
Im14_3.jpg,0,genuine,flag,skipped,pass,flag,pass,2,
Im14_3_col.jpg,0,genuine,pass,skipped,pass,flag,pass,1,
Im14_3_r.jpg,0,genuine,pass,skipped,pass,skipped,pass,0,
Im14_4_col.jpg,0,genuine,pass,skipped,pass,flag,pass,1,
Im15_2.jpg,0,genuine,skipped,skipped,pass,skipped,pass,0,
Im15_2_col.jpg,0,genuine,pass,skipped,pass,pass,pass,0,
Im15_2_r.jpg,0,genuine,pass,skipped,pass,flag,pass,1,
Im15_3.jpg,0,genuine,skipped,skipped,pass,skipped,pass,0,
Im15_3_col.jpg,0,genuine,skipped,skipped,pass,skipped,pass,0,
Im15_3_r.jpg,0,genuine,pass,skipped,pass,flag,pass,1,
Im15_4_r.jpg,0,genuine,skipped,skipped,pass,skipped,pass,0,
Im16_1_cp.jpg,0,genuine,skipped,skipped,pass,skipped,pass,0,
Im16_2.jpg,0,genuine,skipped,skipped,pass,skipped,pass,0,
Im16_2_col.jpg,0,genuine,skipped,skipped,pass,skipped,pass,0,
Im16_2_r.jpg,0,genuine,pass,skipped,pass,flag,pass,1,
Im16_3.jpg,0,genuine,skipped,skipped,pass,skipped,pass,0,
Im16_3_col.jpg,0,genuine,pass,skipped,pass,skipped,pass,0,
Im16_3_r.jpg,0,genuine,pass,skipped,pass,flag,pass,1,
Im16_4.jpg,0,genuine,pass,skipped,pass,flag,pass,1,
Im17_1_cp.jpg,0,genuine,skipped,skipped,pass,skipped,pass,0,
Im17_2.jpg,0,genuine,pass,skipped,pass,flag,pass,1,
Im17_2_col.jpg,0,genuine,skipped,skipped,pass,skipped,pass,0,
Im17_2_r.jpg,0,genuine,skipped,skipped,pass,skipped,pass,0,
Im17_3.jpg,0,genuine,pass,skipped,pass,flag,pass,1,
Im17_3_col.jpg,0,genuine,skipped,skipped,pass,skipped,pass,0,
Im17_3_r.jpg,0,genuine,pass,skipped,pass,skipped,pass,0,
Im17_4_col.jpg,0,genuine,skipped,skipped,pass,skipped,pass,0,
Im18_1_cp.jpg,0,genuine,pass,skipped,pass,pass,pass,0,
Im18_2.jpg,0,genuine,skipped,skipped,pass,skipped,pass,0,
Im18_2_col.jpg,0,genuine,pass,skipped,pass,flag,pass,1,
Im18_2_r.jpg,0,genuine,pass,skipped,pass,flag,pass,1,
Im18_3.jpg,0,genuine,skipped,skipped,pass,skipped,pass,0,
Im18_3_col.jpg,0,genuine,skipped,skipped,pass,skipped,pass,0,
Im18_3_r.jpg,0,genuine,pass,skipped,pass,flag,pass,1,
Im18_4_r.jpg,0,genuine,pass,skipped,pass,flag,pass,1,
Im19_1_cp.jpg,0,genuine,skipped,skipped,pass,skipped,pass,0,
Im19_2.jpg,0,genuine,pass,skipped,pass,flag,pass,1,
Im19_2_col.jpg,0,genuine,skipped,skipped,pass,skipped,pass,0,
Im19_2_r.jpg,0,genuine,skipped,skipped,pass,skipped,pass,0,
Im19_3.jpg,0,genuine,pass,skipped,pass,skipped,pass,0,
Im19_3_col.jpg,0,genuine,skipped,skipped,pass,skipped,pass,0,
Im19_3_r.jpg,0,genuine,pass,skipped,pass,skipped,pass,0,
Im19_4.jpg,0,genuine,skipped,skipped,pass,skipped,pass,0,
Im1_2.jpg,0,genuine,pass,skipped,pass,flag,pass,1,
Im1_2_col.jpg,0,genuine,pass,skipped,pass,flag,pass,1,
Im1_2_r.jpg,0,genuine,skipped,skipped,pass,skipped,pass,0,
Im1_3.jpg,0,genuine,pass,skipped,pass,flag,pass,1,
Im1_3_col.jpg,0,genuine,skipped,skipped,pass,skipped,pass,0,
Im1_3_r.jpg,0,genuine,skipped,skipped,pass,skipped,pass,0,
Im1_4.jpg,0,genuine,skipped,skipped,pass,skipped,pass,0,
Im20_1_cp.jpg,0,genuine,skipped,skipped,pass,skipped,pass,0,
Im20_2.jpg,0,genuine,skipped,skipped,pass,skipped,pass,0,
Im20_2_col.jpg,0,genuine,skipped,skipped,pass,skipped,pass,0,
Im20_2_r.jpg,0,genuine,skipped,skipped,pass,skipped,pass,0,
Im20_3.jpg,0,genuine,skipped,skipped,pass,skipped,pass,0,
Im20_3_col.jpg,0,genuine,skipped,skipped,pass,skipped,pass,0,
Im20_3_r.jpg,0,genuine,skipped,skipped,pass,skipped,pass,0,
Im20_4_col.jpg,0,genuine,skipped,skipped,pass,skipped,pass,0,
Im21_1_cp.jpg,0,genuine,skipped,skipped,pass,skipped,pass,0,
Im21_2.jpg,0,genuine,skipped,skipped,pass,skipped,pass,0,
Im21_2_col.jpg,0,genuine,skipped,skipped,pass,skipped,pass,0,
Im21_2_r.jpg,0,genuine,skipped,skipped,pass,skipped,pass,0,
Im21_3.jpg,0,genuine,skipped,skipped,pass,skipped,pass,0,
Im21_3_col.jpg,0,genuine,skipped,skipped,pass,skipped,pass,0,
Im21_3_r.jpg,0,genuine,skipped,skipped,pass,skipped,pass,0,
Im21_4_r.jpg,0,genuine,pass,skipped,pass,skipped,pass,0,
Im22_1_cp.jpg,0,genuine,pass,skipped,pass,skipped,pass,0,
Im22_2.jpg,0,genuine,pass,skipped,pass,skipped,pass,0,
Im22_2_col.jpg,0,genuine,pass,skipped,pass,skipped,pass,0,
Im22_2_r.jpg,0,genuine,skipped,skipped,flag,skipped,pass,1,
Im22_3.jpg,0,genuine,pass,skipped,flag,flag,pass,2,
Im22_3_col.jpg,0,genuine,pass,skipped,pass,flag,pass,1,
Im22_3_r.jpg,0,genuine,skipped,skipped,pass,skipped,pass,0,
Im22_4.jpg,0,genuine,skipped,skipped,flag,skipped,pass,1,
Im23_1_cp.jpg,0,genuine,skipped,skipped,pass,skipped,pass,0,
Im23_2.jpg,0,genuine,skipped,skipped,pass,skipped,pass,0,
Im23_2_col.jpg,0,genuine,flag,skipped,pass,flag,pass,2,
Im23_2_r.jpg,0,genuine,pass,skipped,pass,skipped,pass,0,
Im23_3.jpg,0,genuine,skipped,skipped,pass,skipped,pass,0,
Im23_3_col.jpg,0,genuine,flag,skipped,pass,flag,pass,2,
Im23_3_r.jpg,0,genuine,pass,skipped,pass,pass,pass,0,
Im23_4_col.jpg,0,genuine,pass,skipped,pass,skipped,pass,0,
Im24_1_cp.jpg,0,genuine,skipped,skipped,flag,skipped,pass,1,
Im24_2.jpg,0,genuine,skipped,skipped,pass,skipped,pass,0,
Im24_2_col.jpg,0,genuine,skipped,skipped,pass,skipped,pass,0,
Im24_2_r.jpg,0,genuine,skipped,skipped,pass,skipped,pass,0,
Im24_3.jpg,0,genuine,pass,skipped,pass,flag,pass,1,
Im24_3_col.jpg,0,genuine,pass,skipped,pass,flag,pass,1,
Im24_3_r.jpg,0,genuine,pass,skipped,pass,skipped,pass,0,
Im25_1_cp.jpg,0,genuine,skipped,skipped,pass,skipped,pass,0,
Im25_2.jpg,0,genuine,skipped,skipped,pass,skipped,pass,0,
Im25_2_col.jpg,0,genuine,flag,skipped,flag,flag,pass,3,
Im25_2_r.jpg,0,genuine,pass,skipped,flag,flag,pass,2,
Im25_3.jpg,0,genuine,skipped,skipped,pass,skipped,pass,0,
Im25_3_col.jpg,0,genuine,pass,skipped,pass,skipped,pass,0,
Im25_3_r.jpg,0,genuine,skipped,skipped,flag,skipped,pass,1,
Im25_4.jpg,0,genuine,pass,skipped,pass,flag,pass,1,
Im26_1_cp.jpg,0,genuine,flag,skipped,pass,flag,pass,2,
Im26_2.jpg,0,genuine,pass,skipped,pass,skipped,pass,0,
Im26_2_col.jpg,0,genuine,pass,skipped,pass,flag,pass,1,
Im26_2_r.jpg,0,genuine,skipped,skipped,pass,skipped,pass,0,
Im26_3.jpg,0,genuine,skipped,skipped,pass,skipped,pass,0,
Im26_3_col.jpg,0,genuine,pass,skipped,pass,pass,pass,0,
Im26_3_r.jpg,0,genuine,skipped,skipped,pass,skipped,pass,0,
Im26_4_col.jpg,0,genuine,skipped,skipped,pass,skipped,pass,0,
Im27_1_cp.jpg,0,genuine,pass,skipped,pass,flag,pass,1,
Im27_2.jpg,0,genuine,pass,skipped,pass,flag,pass,1,
Im27_2_col.jpg,0,genuine,skipped,skipped,pass,skipped,pass,0,
Im27_2_r.jpg,0,genuine,skipped,skipped,pass,skipped,pass,0,
Im27_3.jpg,0,genuine,skipped,skipped,pass,skipped,pass,0,
Im27_3_col.jpg,0,genuine,pass,skipped,pass,flag,pass,1,
Im27_3_r.jpg,0,genuine,skipped,skipped,pass,skipped,pass,0,
Im27_4_r.jpg,0,genuine,pass,skipped,pass,flag,pass,1,
Im28_1_cp.jpg,0,genuine,pass,skipped,pass,flag,pass,1,
Im28_2.jpg,0,genuine,pass,skipped,pass,flag,pass,1,
Im28_2_col.jpg,0,genuine,pass,skipped,flag,pass,pass,1,
Im28_2_r.jpg,0,genuine,skipped,skipped,flag,skipped,pass,1,
Im28_3.jpg,0,genuine,pass,skipped,pass,skipped,pass,0,
Im28_3_col.jpg,0,genuine,pass,skipped,pass,skipped,pass,0,
Im28_3_r.jpg,0,genuine,pass,skipped,pass,pass,pass,0,
Im28_4.jpg,0,genuine,skipped,skipped,pass,skipped,pass,0,
Im29_1_cp.jpg,0,genuine,pass,skipped,pass,flag,pass,1,
Im29_2.jpg,0,genuine,pass,skipped,pass,flag,pass,1,
Im29_2_col.jpg,0,genuine,skipped,skipped,pass,skipped,pass,0,
Im29_2_r.jpg,0,genuine,skipped,skipped,pass,skipped,pass,0,
Im29_3.jpg,0,genuine,pass,skipped,pass,skipped,pass,0,
Im29_3_col.jpg,0,genuine,pass,skipped,pass,skipped,pass,0,
Im29_3_r.jpg,0,genuine,skipped,skipped,pass,skipped,pass,0,
Im29_4_col.jpg,0,genuine,skipped,skipped,pass,skipped,pass,0,
Im2_2.jpg,0,genuine,pass,skipped,pass,skipped,pass,0,
Im2_2_col.jpg,0,genuine,skipped,skipped,pass,skipped,pass,0,
Im2_2_r.jpg,0,genuine,skipped,skipped,pass,skipped,pass,0,
Im2_3.jpg,0,genuine,skipped,skipped,pass,skipped,pass,0,
Im2_3_col.jpg,0,genuine,pass,skipped,pass,skipped,pass,0,
Im2_3_r.jpg,0,genuine,skipped,skipped,pass,skipped,pass,0,
Im2_4_col.jpg,0,genuine,skipped,skipped,pass,skipped,pass,0,
Im30_1_cp.jpg,0,genuine,pass,skipped,pass,pass,pass,0,
Im30_2.jpg,0,genuine,pass,skipped,pass,skipped,pass,0,
Im30_2_col.jpg,0,genuine,pass,skipped,pass,flag,pass,1,
Im30_2_r.jpg,0,genuine,pass,skipped,pass,flag,pass,1,
Im30_3.jpg,0,genuine,pass,skipped,pass,pass,pass,0,
Im30_3_col.jpg,0,genuine,skipped,skipped,pass,skipped,pass,0,
Im30_3_r.jpg,0,genuine,pass,skipped,pass,pass,pass,0,
Im30_4_r.jpg,0,genuine,skipped,skipped,pass,skipped,pass,0,
Im31_1_cp.jpg,0,genuine,pass,skipped,pass,flag,pass,1,
Im31_2.jpg,0,genuine,skipped,skipped,pass,skipped,pass,0,
Im31_2_col.jpg,0,genuine,pass,skipped,pass,pass,pass,0,
Im31_2_r.jpg,0,genuine,skipped,skipped,pass,skipped,pass,0,
Im31_3.jpg,0,genuine,skipped,skipped,pass,skipped,pass,0,
Im31_3_col.jpg,0,genuine,skipped,skipped,pass,skipped,pass,0,
Im31_3_r.jpg,0,genuine,skipped,skipped,pass,skipped,pass,0,
Im31_4.jpg,0,genuine,pass,skipped,pass,flag,pass,1,
Im32_1_cp.jpg,0,genuine,skipped,skipped,pass,skipped,pass,0,
Im32_2.jpg,0,genuine,pass,skipped,pass,skipped,pass,0,
Im32_2_col.jpg,0,genuine,pass,skipped,pass,skipped,pass,0,
Im32_2_r.jpg,0,genuine,skipped,skipped,pass,skipped,pass,0,
Im32_3.jpg,0,genuine,skipped,skipped,pass,skipped,pass,0,
Im32_3_col.jpg,0,genuine,skipped,skipped,pass,skipped,pass,0,
Im32_3_r.jpg,0,genuine,skipped,skipped,pass,skipped,pass,0,
Im32_4_col.jpg,0,genuine,pass,skipped,pass,flag,pass,1,
Im33_1_cp.jpg,0,genuine,pass,skipped,pass,flag,pass,1,
Im33_2.jpg,0,genuine,flag,skipped,pass,flag,pass,2,
Im33_2_col.jpg,0,genuine,pass,skipped,pass,flag,pass,1,
Im33_2_r.jpg,0,genuine,pass,skipped,flag,skipped,pass,1,
Im33_3.jpg,0,genuine,skipped,skipped,pass,skipped,pass,0,
Im33_3_col.jpg,0,genuine,pass,skipped,pass,flag,pass,1,
Im33_3_r.jpg,0,genuine,skipped,skipped,flag,skipped,pass,1,
Im33_4_r.jpg,0,genuine,skipped,skipped,flag,skipped,pass,1,
Im34_1_cp.jpg,0,genuine,flag,skipped,pass,flag,pass,2,
Im34_2.jpg,0,genuine,pass,skipped,pass,pass,pass,0,
Im34_2_col.jpg,0,genuine,pass,skipped,pass,skipped,pass,0,
Im34_2_r.jpg,0,genuine,pass,skipped,pass,flag,pass,1,
Im34_3.jpg,0,genuine,skipped,skipped,pass,skipped,pass,0,
Im34_3_col.jpg,0,genuine,skipped,skipped,pass,skipped,pass,0,
Im34_3_r.jpg,0,genuine,pass,skipped,pass,flag,pass,1,
Im34_4.jpg,0,genuine,pass,skipped,pass,flag,pass,1,
Im35_1_cp.jpg,0,genuine,pass,skipped,pass,flag,pass,1,
Im35_2.jpg,0,genuine,skipped,skipped,pass,skipped,pass,0,
Im35_2_col.jpg,0,genuine,skipped,skipped,pass,skipped,pass,0,
Im35_2_r.jpg,0,genuine,pass,skipped,flag,flag,pass,2,
Im35_3.jpg,0,genuine,pass,skipped,flag,flag,pass,2,
Im35_3_col.jpg,0,genuine,skipped,skipped,pass,skipped,pass,0,
Im35_3_r.jpg,0,genuine,skipped,skipped,pass,skipped,pass,0,
Im35_4_col.jpg,0,genuine,pass,skipped,pass,flag,pass,1,
Im36_1_cp.jpg,0,genuine,pass,skipped,pass,flag,pass,1,
Im36_2.jpg,0,genuine,pass,skipped,pass,skipped,pass,0,
Im36_2_col.jpg,0,genuine,skipped,skipped,pass,skipped,pass,0,
Im36_2_r.jpg,0,genuine,pass,skipped,pass,flag,pass,1,
Im36_3.jpg,0,genuine,pass,skipped,pass,flag,pass,1,
Im36_3_col.jpg,0,genuine,pass,skipped,pass,flag,pass,1,
Im36_3_r.jpg,0,genuine,skipped,skipped,pass,skipped,pass,0,
Im36_4_r.jpg,0,genuine,pass,skipped,pass,flag,pass,1,
Im37_1_cp.jpg,0,genuine,pass,skipped,pass,flag,pass,1,
Im37_2.jpg,0,genuine,pass,skipped,pass,flag,pass,1,
Im37_2_col.jpg,0,genuine,skipped,skipped,pass,skipped,pass,0,
Im37_2_r.jpg,0,genuine,skipped,skipped,pass,skipped,pass,0,
Im37_3.jpg,0,genuine,skipped,skipped,pass,skipped,pass,0,
Im37_3_col.jpg,0,genuine,pass,skipped,pass,skipped,pass,0,
Im37_3_r.jpg,0,genuine,pass,skipped,pass,flag,pass,1,
Im37_4.jpg,0,genuine,skipped,skipped,pass,skipped,pass,0,
Im38_1_cp.jpg,0,genuine,skipped,skipped,pass,skipped,pass,0,
Im38_2.jpg,0,genuine,pass,skipped,pass,flag,pass,1,
Im38_2_col.jpg,0,genuine,skipped,skipped,pass,skipped,pass,0,
Im38_2_r.jpg,0,genuine,skipped,skipped,pass,skipped,pass,0,
Im38_3.jpg,0,genuine,skipped,skipped,pass,skipped,pass,0,
Im38_3_col.jpg,0,genuine,flag,skipped,pass,flag,pass,2,
Im38_3_r.jpg,0,genuine,skipped,skipped,pass,skipped,pass,0,
Im38_4_col.jpg,0,genuine,skipped,skipped,pass,skipped,pass,0,
Im39_1_cp.jpg,0,genuine,flag,skipped,pass,flag,pass,2,
Im39_2.jpg,0,genuine,flag,skipped,pass,flag,pass,2,
Im39_2_col.jpg,0,genuine,pass,skipped,pass,flag,pass,1,
Im39_2_r.jpg,0,genuine,skipped,skipped,pass,skipped,pass,0,
Im39_3.jpg,0,genuine,pass,skipped,pass,skipped,pass,0,
Im39_3_col.jpg,0,genuine,skipped,skipped,pass,skipped,pass,0,
Im39_3_r.jpg,0,genuine,skipped,skipped,pass,skipped,pass,0,
Im39_4_r.jpg,0,genuine,pass,skipped,pass,flag,pass,1,
Im3_2.jpg,0,genuine,skipped,skipped,pass,skipped,pass,0,
Im3_2_col.jpg,0,genuine,pass,skipped,pass,flag,pass,1,
Im3_2_r.jpg,0,genuine,skipped,skipped,pass,skipped,pass,0,
Im3_3.jpg,0,genuine,skipped,skipped,pass,skipped,pass,0,
Im3_3_col.jpg,0,genuine,skipped,skipped,pass,skipped,pass,0,
Im3_3_r.jpg,0,genuine,skipped,skipped,pass,skipped,pass,0,
Im3_4_r.jpg,0,genuine,skipped,skipped,pass,skipped,pass,0,
Im40_1_cp.jpg,0,genuine,pass,skipped,pass,flag,pass,1,
Im40_2.jpg,0,genuine,pass,skipped,pass,flag,pass,1,
Im40_2_col.jpg,0,genuine,skipped,skipped,pass,skipped,pass,0,
Im40_2_r.jpg,0,genuine,pass,skipped,pass,skipped,pass,0,
Im40_3.jpg,0,genuine,pass,skipped,pass,skipped,pass,0,
Im40_3_col.jpg,0,genuine,pass,skipped,pass,skipped,pass,0,
Im40_3_r.jpg,0,genuine,pass,skipped,pass,flag,pass,1,
Im40_4.jpg,0,genuine,skipped,skipped,pass,skipped,pass,0,
Im41_1_cp.jpg,0,genuine,skipped,skipped,pass,skipped,pass,0,
Im41_2.jpg,0,genuine,skipped,skipped,pass,skipped,pass,0,
Im41_2_col.jpg,0,genuine,skipped,skipped,pass,skipped,pass,0,
Im41_2_r.jpg,0,genuine,skipped,skipped,pass,skipped,pass,0,
Im41_3.jpg,0,genuine,flag,skipped,pass,flag,pass,2,
Im41_3_col.jpg,0,genuine,skipped,skipped,pass,skipped,pass,0,
Im41_3_r.jpg,0,genuine,pass,skipped,pass,flag,pass,1,
Im41_4_col.jpg,0,genuine,skipped,skipped,pass,skipped,pass,0,
Im42_1_cp.jpg,0,genuine,flag,skipped,pass,pass,pass,1,
Im42_2.jpg,0,genuine,flag,skipped,pass,flag,pass,2,
Im42_2_col.jpg,0,genuine,skipped,skipped,pass,skipped,pass,0,
Im42_2_r.jpg,0,genuine,pass,skipped,pass,pass,pass,0,
Im42_3.jpg,0,genuine,flag,skipped,pass,flag,pass,2,
Im42_3_col.jpg,0,genuine,pass,skipped,pass,flag,pass,1,
Im42_3_r.jpg,0,genuine,pass,skipped,pass,flag,pass,1,
Im42_4_r.jpg,0,genuine,pass,skipped,pass,flag,pass,1,
Im43_1_cp.jpg,0,genuine,pass,skipped,pass,pass,pass,0,
Im43_2.jpg,0,genuine,skipped,skipped,pass,skipped,pass,0,
Im43_2_col.jpg,0,genuine,skipped,skipped,pass,skipped,pass,0,
Im43_2_r.jpg,0,genuine,skipped,skipped,pass,skipped,pass,0,
Im43_3.jpg,0,genuine,pass,skipped,pass,pass,pass,0,
Im43_3_col.jpg,0,genuine,pass,skipped,pass,flag,pass,1,
Im43_3_r.jpg,0,genuine,pass,skipped,pass,skipped,pass,0,
Im43_4.jpg,0,genuine,skipped,skipped,pass,skipped,pass,0,
Im44_1_cp.jpg,0,genuine,skipped,skipped,pass,skipped,pass,0,
Im44_2.jpg,0,genuine,pass,skipped,skipped,skipped,pass,0,
Im44_2_col.jpg,0,genuine,skipped,skipped,pass,skipped,pass,0,
Im44_2_r.jpg,0,genuine,skipped,skipped,pass,skipped,pass,0,
Im44_3.jpg,0,genuine,skipped,skipped,pass,skipped,pass,0,
Im44_3_col.jpg,0,genuine,skipped,skipped,pass,skipped,pass,0,
Im44_3_r.jpg,0,genuine,pass,skipped,pass,flag,pass,1,
Im44_4.jpg,0,genuine,skipped,skipped,pass,skipped,pass,0,
Im45_1_cp.jpg,0,genuine,skipped,skipped,pass,skipped,pass,0,
Im45_2.jpg,0,genuine,skipped,skipped,pass,skipped,pass,0,
Im45_2_col.jpg,0,genuine,pass,skipped,pass,flag,pass,1,
Im45_2_r.jpg,0,genuine,skipped,skipped,pass,skipped,pass,0,
Im45_3.jpg,0,genuine,skipped,skipped,pass,skipped,pass,0,
Im45_3_col.jpg,0,genuine,skipped,skipped,pass,skipped,pass,0,
Im45_3_r.jpg,0,genuine,skipped,skipped,pass,skipped,pass,0,
Im45_4_r.jpg,0,genuine,skipped,skipped,pass,skipped,pass,0,
Im46_1_cp.jpg,0,genuine,skipped,skipped,pass,skipped,pass,0,
Im46_2.jpg,0,genuine,skipped,skipped,pass,skipped,pass,0,
Im46_2_col.jpg,0,genuine,skipped,skipped,pass,skipped,pass,0,
Im46_2_r.jpg,0,genuine,pass,skipped,pass,flag,pass,1,
Im46_3.jpg,0,genuine,skipped,skipped,flag,skipped,pass,1,
Im46_3_col.jpg,0,genuine,skipped,skipped,pass,skipped,pass,0,
Im46_3_r.jpg,0,genuine,skipped,skipped,pass,skipped,pass,0,
Im46_4.jpg,0,genuine,pass,skipped,pass,skipped,pass,0,
Im47_1_cp.jpg,0,genuine,pass,skipped,pass,skipped,pass,0,
Im47_2.jpg,0,genuine,skipped,skipped,pass,skipped,pass,0,
Im47_2_col.jpg,0,genuine,skipped,skipped,pass,skipped,pass,0,
Im47_2_r.jpg,0,genuine,skipped,skipped,flag,skipped,pass,1,
Im47_3.jpg,0,genuine,skipped,skipped,pass,skipped,pass,0,
Im47_3_col.jpg,0,genuine,pass,skipped,pass,skipped,pass,0,
Im47_3_r.jpg,0,genuine,skipped,skipped,pass,skipped,pass,0,
Im47_4_col.jpg,0,genuine,skipped,skipped,pass,skipped,pass,0,
Im48_1_cp.jpg,0,genuine,pass,skipped,pass,flag,pass,1,
Im48_2.jpg,0,genuine,pass,skipped,pass,skipped,pass,0,
Im48_2_col.jpg,0,genuine,pass,skipped,pass,flag,pass,1,
Im48_2_r.jpg,0,genuine,skipped,skipped,flag,skipped,pass,1,
Im48_3.jpg,0,genuine,skipped,skipped,pass,skipped,pass,0,
Im48_3_col.jpg,0,genuine,pass,skipped,pass,flag,pass,1,
Im48_3_r.jpg,0,genuine,skipped,skipped,pass,skipped,pass,0,
Im48_4_r.jpg,0,genuine,skipped,skipped,pass,skipped,pass,0,
Im49_1_cp.jpg,0,genuine,pass,skipped,pass,flag,pass,1,
Im49_2.jpg,0,genuine,skipped,skipped,pass,skipped,pass,0,
Im49_2_col.jpg,0,genuine,pass,skipped,pass,flag,pass,1,
Im49_2_r.jpg,0,genuine,pass,skipped,pass,flag,pass,1,
Im49_3.jpg,0,genuine,skipped,skipped,pass,skipped,pass,0,
Im49_3_col.jpg,0,genuine,skipped,skipped,pass,skipped,pass,0,
Im49_3_r.jpg,0,genuine,pass,skipped,pass,skipped,pass,0,
Im49_4.jpg,0,genuine,pass,skipped,pass,skipped,pass,0,
Im4_2.jpg,0,genuine,pass,skipped,pass,flag,pass,1,
Im4_2_col.jpg,0,genuine,skipped,skipped,pass,skipped,pass,0,
Im4_2_r.jpg,0,genuine,pass,skipped,pass,pass,pass,0,
Im4_3.jpg,0,genuine,skipped,skipped,pass,skipped,pass,0,
Im4_3_col.jpg,0,genuine,skipped,skipped,pass,skipped,pass,0,
Im4_3_r.jpg,0,genuine,skipped,skipped,pass,skipped,pass,0,
Im4_4.jpg,0,genuine,skipped,skipped,pass,skipped,pass,0,
Im50_1_cp.jpg,0,genuine,skipped,skipped,pass,skipped,pass,0,
Im50_2.jpg,0,genuine,skipped,skipped,pass,skipped,pass,0,
Im50_2_col.jpg,0,genuine,skipped,skipped,pass,skipped,pass,0,
Im50_2_r.jpg,0,genuine,flag,skipped,pass,flag,pass,2,
Im50_3.jpg,0,genuine,flag,skipped,pass,flag,pass,2,
Im50_3_col.jpg,0,genuine,pass,skipped,pass,flag,pass,1,
Im50_3_r.jpg,0,genuine,skipped,skipped,pass,skipped,pass,0,
Im50_4_col.jpg,0,genuine,skipped,skipped,pass,skipped,pass,0,
Im51_2_cm.jpg,0,genuine,pass,skipped,pass,skipped,pass,0,
Im51_2_col.jpg,0,genuine,pass,skipped,pass,skipped,pass,0,
Im51_2_r.jpg,0,genuine,skipped,skipped,flag,skipped,pass,1,
Im51_3_cm.jpg,0,genuine,pass,skipped,pass,skipped,pass,0,
Im51_3_col.jpg,0,genuine,skipped,skipped,pass,skipped,pass,0,
Im51_3_r.jpg,0,genuine,skipped,skipped,pass,skipped,pass,0,
Im51_4_r.jpg,0,genuine,skipped,skipped,pass,skipped,pass,0,
Im52_2_cm.jpg,0,genuine,pass,skipped,pass,flag,pass,1,
Im52_2_col.jpg,0,genuine,pass,skipped,pass,flag,pass,1,
Im52_2_r.jpg,0,genuine,skipped,skipped,pass,skipped,pass,0,
Im52_3_cm.jpg,0,genuine,skipped,skipped,pass,skipped,pass,0,
Im52_3_col.jpg,0,genuine,skipped,skipped,flag,skipped,pass,1,
Im52_3_r.jpg,0,genuine,skipped,skipped,pass,skipped,pass,0,
Im52_4_cm.jpg,0,genuine,pass,skipped,pass,flag,pass,1,
Im53_2_cm.jpg,0,genuine,skipped,skipped,pass,skipped,pass,0,
Im53_2_col.jpg,0,genuine,flag,skipped,pass,flag,pass,2,
Im53_2_r.jpg,0,genuine,pass,skipped,pass,flag,pass,1,
Im53_3_cm.jpg,0,genuine,pass,skipped,pass,skipped,pass,0,
Im53_3_col.jpg,0,genuine,pass,skipped,pass,flag,pass,1,
Im53_3_r.jpg,0,genuine,skipped,skipped,pass,skipped,pass,0,
Im53_4_col.jpg,0,genuine,pass,skipped,pass,flag,pass,1,
Im54_2_cm.jpg,0,genuine,pass,skipped,pass,flag,pass,1,
Im54_2_col.jpg,0,genuine,skipped,skipped,pass,skipped,pass,0,
Im54_3_cm.jpg,0,genuine,skipped,skipped,pass,skipped,pass,0,
Im54_3_col.jpg,0,genuine,pass,skipped,pass,flag,pass,1,
Im54_3_r.jpg,0,genuine,skipped,skipped,pass,skipped,pass,0,
Im54_4_r.jpg,0,genuine,skipped,skipped,pass,skipped,pass,0,
Im55_2_cm.jpg,0,genuine,skipped,skipped,pass,skipped,pass,0,
Im55_2_col.jpg,0,genuine,pass,skipped,pass,flag,pass,1,
Im55_2_r.jpg,0,genuine,skipped,skipped,pass,skipped,pass,0,
Im55_3_cm.jpg,0,genuine,skipped,skipped,pass,skipped,pass,0,
Im55_3_col.jpg,0,genuine,skipped,skipped,pass,skipped,pass,0,
Im55_3_r.jpg,0,genuine,pass,skipped,pass,flag,pass,1,
Im55_4_r.jpg,0,genuine,skipped,skipped,pass,skipped,pass,0,
Im56_2_cm.jpg,0,genuine,pass,skipped,flag,skipped,pass,1,
Im56_2_col.jpg,0,genuine,pass,skipped,pass,flag,pass,1,
Im56_2_r.jpg,0,genuine,pass,skipped,pass,flag,pass,1,
Im56_3_cm.jpg,0,genuine,skipped,skipped,pass,skipped,pass,0,
Im56_3_col.jpg,0,genuine,skipped,skipped,pass,skipped,pass,0,
Im56_3_r.jpg,0,genuine,flag,skipped,pass,flag,pass,2,
Im56_4_col.jpg,0,genuine,pass,skipped,pass,flag,pass,1,
Im57_2_cm.jpg,0,genuine,skipped,skipped,pass,skipped,pass,0,
Im57_2_col.jpg,0,genuine,skipped,skipped,pass,skipped,pass,0,
Im57_2_r.jpg,0,genuine,pass,skipped,pass,flag,pass,1,
Im57_3_cm.jpg,0,genuine,pass,skipped,pass,skipped,pass,0,
Im57_3_col.jpg,0,genuine,pass,skipped,pass,skipped,pass,0,
Im57_3_r.jpg,0,genuine,skipped,skipped,pass,skipped,pass,0,
Im57_4_r.jpg,0,genuine,skipped,skipped,pass,skipped,pass,0,
Im58_2_cm.jpg,0,genuine,skipped,skipped,pass,skipped,pass,0,
Im58_2_col.jpg,0,genuine,skipped,skipped,pass,skipped,pass,0,
Im58_2_r.jpg,0,genuine,pass,skipped,pass,skipped,pass,0,
Im58_3_cm.jpg,0,genuine,pass,skipped,pass,skipped,pass,0,
Im58_3_col.jpg,0,genuine,pass,skipped,pass,skipped,pass,0,
Im58_3_r.jpg,0,genuine,pass,skipped,pass,skipped,pass,0,
Im58_4_cm.jpg,0,genuine,pass,skipped,pass,skipped,pass,0,
Im59_2_cm.jpg,0,genuine,pass,skipped,pass,flag,pass,1,
Im59_2_col.jpg,0,genuine,pass,skipped,pass,skipped,pass,0,
Im59_2_r.jpg,0,genuine,pass,skipped,pass,flag,pass,1,
Im59_3_cm.jpg,0,genuine,pass,skipped,pass,skipped,pass,0,
Im59_3_col.jpg,0,genuine,pass,skipped,flag,skipped,pass,1,
Im59_3_r.jpg,0,genuine,pass,skipped,pass,flag,pass,1,
Im59_4_r.jpg,0,genuine,skipped,skipped,pass,skipped,pass,0,
Im5_2.jpg,0,genuine,skipped,skipped,pass,skipped,pass,0,
Im5_2_col.jpg,0,genuine,skipped,skipped,pass,skipped,pass,0,
Im5_2_r.jpg,0,genuine,skipped,skipped,pass,skipped,pass,0,
Im5_3.jpg,0,genuine,skipped,skipped,pass,skipped,pass,0,
Im5_3_col.jpg,0,genuine,skipped,skipped,pass,skipped,pass,0,
Im5_3_r.jpg,0,genuine,skipped,skipped,pass,skipped,pass,0,
Im5_4_col.jpg,0,genuine,skipped,skipped,pass,skipped,pass,0,
Im60_2_cm.jpg,0,genuine,skipped,skipped,pass,skipped,pass,0,
Im60_2_col.jpg,0,genuine,skipped,skipped,pass,skipped,pass,0,
Im60_2_r.jpg,0,genuine,pass,skipped,pass,skipped,pass,0,
Im60_3_cm.jpg,0,genuine,pass,skipped,pass,flag,pass,1,
Im60_3_col.jpg,0,genuine,skipped,skipped,pass,skipped,pass,0,
Im60_3_r.jpg,0,genuine,skipped,skipped,pass,skipped,pass,0,
Im60_4_r.jpg,0,genuine,skipped,skipped,pass,skipped,pass,0,
Im61_2_cm.jpg,0,genuine,pass,skipped,flag,pass,pass,1,
Im61_2_col.jpg,0,genuine,skipped,skipped,pass,skipped,pass,0,
Im61_2_r.jpg,0,genuine,skipped,skipped,pass,skipped,pass,0,
Im61_3_cm.jpg,0,genuine,skipped,skipped,pass,skipped,pass,0,
Im61_3_col.jpg,0,genuine,skipped,skipped,pass,skipped,pass,0,
Im61_3_r.jpg,0,genuine,skipped,skipped,pass,skipped,pass,0,
Im61_4_cm.jpg,0,genuine,skipped,skipped,pass,skipped,pass,0,
Im62_2_cm.jpg,0,genuine,skipped,skipped,pass,skipped,pass,0,
Im62_2_col.jpg,0,genuine,skipped,skipped,pass,skipped,pass,0,
Im62_2_r.jpg,0,genuine,pass,skipped,pass,flag,pass,1,
Im62_3_cm.jpg,0,genuine,skipped,skipped,pass,skipped,pass,0,
Im62_3_col.jpg,0,genuine,skipped,skipped,pass,skipped,pass,0,
Im62_3_r.jpg,0,genuine,pass,skipped,pass,flag,pass,1,
Im62_4_col.jpg,0,genuine,flag,skipped,pass,flag,pass,2,
Im63_2_cm.jpg,0,genuine,skipped,skipped,pass,skipped,pass,0,
Im63_2_co2.jpg,0,genuine,pass,skipped,pass,flag,pass,1,
Im63_2_r.jpg,0,genuine,pass,skipped,pass,skipped,pass,0,
Im63_3_cm.jpg,0,genuine,pass,skipped,pass,flag,pass,1,
Im63_3_col.jpg,0,genuine,pass,skipped,pass,skipped,pass,0,
Im63_3_r.jpg,0,genuine,pass,skipped,pass,skipped,pass,0,
Im63_4_r.jpg,0,genuine,skipped,skipped,pass,skipped,pass,0,
Im64_2_cm.jpg,0,genuine,pass,skipped,pass,flag,pass,1,
Im64_2_col.jpg,0,genuine,pass,skipped,pass,flag,pass,1,
Im64_2_r.jpg,0,genuine,flag,skipped,pass,flag,pass,2,
Im64_3_cm.jpg,0,genuine,skipped,skipped,pass,skipped,pass,0,
Im64_3_col.jpg,0,genuine,pass,skipped,flag,skipped,pass,1,
Im64_3_r.jpg,0,genuine,skipped,skipped,pass,skipped,pass,0,
Im64_4_cm.jpg,0,genuine,skipped,skipped,pass,skipped,pass,0,
Im65_2_cm.jpg,0,genuine,pass,skipped,pass,flag,pass,1,
Im65_2_col.jpg,0,genuine,pass,skipped,pass,flag,pass,1,
Im65_2_r.jpg,0,genuine,pass,skipped,pass,flag,pass,1,
Im65_3_cm.jpg,0,genuine,pass,skipped,pass,flag,pass,1,
Im65_3_col.jpg,0,genuine,skipped,skipped,pass,skipped,pass,0,
Im65_3_r.jpg,0,genuine,pass,skipped,pass,skipped,pass,0,
Im66_2_cm.jpg,0,genuine,skipped,skipped,pass,skipped,pass,0,
Im66_2_col.jpg,0,genuine,skipped,skipped,pass,skipped,pass,0,
Im66_2_r.jpg,0,genuine,skipped,skipped,pass,skipped,pass,0,
Im66_3_cm.jpg,0,genuine,skipped,skipped,pass,skipped,pass,0,
Im66_3_col.jpg,0,genuine,skipped,skipped,pass,skipped,pass,0,
Im66_3_r.jpg,0,genuine,skipped,skipped,pass,skipped,pass,0,
Im66_4_r.jpg,0,genuine,pass,skipped,pass,flag,pass,1,
Im67_2_cm.jpg,0,genuine,pass,skipped,pass,flag,pass,1,
Im67_2_col.jpg,0,genuine,pass,skipped,pass,flag,pass,1,
Im67_2_r.jpg,0,genuine,pass,skipped,pass,flag,pass,1,
Im67_3_cm.jpg,0,genuine,pass,skipped,pass,flag,pass,1,
Im67_3_col.jpg,0,genuine,pass,skipped,pass,skipped,pass,0,
Im67_3_r.jpg,0,genuine,pass,skipped,pass,flag,pass,1,
Im67_4_cm.jpg,0,genuine,pass,skipped,pass,skipped,pass,0,
Im68_2_cm.jpg,0,genuine,skipped,skipped,pass,skipped,pass,0,
Im68_2_col.jpg,0,genuine,pass,skipped,pass,skipped,pass,0,
Im68_2_r.jpg,0,genuine,pass,skipped,pass,flag,pass,1,
Im68_3_cm.jpg,0,genuine,skipped,skipped,pass,skipped,pass,0,
Im68_3_col.jpg,0,genuine,skipped,skipped,pass,skipped,pass,0,
Im68_3_r.jpg,0,genuine,skipped,skipped,pass,skipped,pass,0,
Im68_4_col.jpg,0,genuine,pass,skipped,pass,skipped,pass,0,
Im69_2_cm.jpg,0,genuine,flag,skipped,pass,flag,pass,2,
Im69_2_col.jpg,0,genuine,skipped,skipped,pass,skipped,pass,0,
Im69_2_r.jpg,0,genuine,pass,skipped,pass,skipped,pass,0,
Im69_3_cm.jpg,0,genuine,skipped,skipped,pass,skipped,pass,0,
Im69_3_col.jpg,0,genuine,skipped,skipped,pass,skipped,pass,0,
Im69_3_r.jpg,0,genuine,skipped,skipped,pass,skipped,pass,0,
Im69_4_cm.jpg,0,genuine,flag,skipped,pass,flag,pass,2,
Im6_2.jpg,0,genuine,pass,skipped,skipped,skipped,pass,0,
Im6_2_col.jpg,0,genuine,skipped,skipped,pass,skipped,pass,0,
Im6_2_r.jpg,0,genuine,skipped,skipped,pass,skipped,pass,0,
Im6_3.jpg,0,genuine,skipped,skipped,pass,skipped,pass,0,
Im6_3_col.jpg,0,genuine,skipped,skipped,pass,skipped,pass,0,
Im6_3_r.jpg,0,genuine,skipped,skipped,pass,skipped,pass,0,
Im6_4_r.jpg,0,genuine,pass,skipped,pass,flag,pass,1,
Im70_2_cm.jpg,0,genuine,pass,skipped,pass,flag,pass,1,
Im70_2_col.jpg,0,genuine,flag,skipped,pass,flag,pass,2,
Im70_2_r.jpg,0,genuine,pass,skipped,pass,flag,pass,1,
Im70_3_cm.jpg,0,genuine,skipped,skipped,pass,skipped,pass,0,
Im70_3_col.jpg,0,genuine,skipped,skipped,pass,skipped,pass,0,
Im70_3_r.jpg,0,genuine,pass,skipped,pass,flag,pass,1,
Im70_4_col.jpg,0,genuine,pass,skipped,pass,flag,pass,1,
Im71_2_cm.jpg,0,genuine,skipped,skipped,pass,skipped,pass,0,
Im71_2_col.jpg,0,genuine,skipped,skipped,pass,skipped,pass,0,
Im71_2_r.jpg,0,genuine,skipped,skipped,pass,skipped,pass,0,
Im71_3_cm.jpg,0,genuine,skipped,skipped,pass,skipped,pass,0,
Im71_3_col.jpg,0,genuine,skipped,skipped,pass,skipped,pass,0,
Im71_3_r.jpg,0,genuine,pass,skipped,flag,skipped,pass,1,
Im71_4_col.jpg,0,genuine,skipped,skipped,pass,skipped,pass,0,
Im72_2_cm.jpg,0,genuine,skipped,skipped,pass,skipped,pass,0,
Im72_2_col.jpg,0,genuine,skipped,skipped,pass,skipped,pass,0,
Im72_2_r.jpg,0,genuine,skipped,skipped,pass,skipped,pass,0,
Im72_3_cm.jpg,0,genuine,skipped,skipped,flag,skipped,pass,1,
Im72_3_col.jpg,0,genuine,skipped,skipped,pass,skipped,pass,0,
Im72_3_r.jpg,0,genuine,skipped,skipped,pass,skipped,pass,0,
Im72_4_r.jpg,0,genuine,skipped,skipped,pass,skipped,pass,0,
Im73_2_cm.jpg,0,genuine,pass,skipped,pass,skipped,pass,0,
Im73_2_col.jpg,0,genuine,skipped,skipped,pass,skipped,pass,0,
Im73_2_r.jpg,0,genuine,skipped,skipped,pass,skipped,pass,0,
Im73_3_cm.jpg,0,genuine,pass,skipped,pass,flag,pass,1,
Im73_3_col.jpg,0,genuine,flag,skipped,pass,flag,pass,2,
Im73_3_r.jpg,0,genuine,skipped,skipped,pass,skipped,pass,0,
Im73_4_col.jpg,0,genuine,pass,skipped,pass,skipped,pass,0,
Im74_2_cm.jpg,0,genuine,skipped,skipped,pass,skipped,pass,0,
Im74_2_col.jpg,0,genuine,pass,skipped,pass,flag,pass,1,
Im74_2_r.jpg,0,genuine,pass,skipped,pass,flag,pass,1,
Im74_3_cm.jpg,0,genuine,skipped,skipped,pass,skipped,pass,0,
Im74_3_col.jpg,0,genuine,pass,skipped,pass,flag,pass,1,
Im74_3_r.jpg,0,genuine,pass,skipped,pass,flag,pass,1,
Im74_4_r.jpg,0,genuine,pass,skipped,pass,flag,pass,1,
Im75_2_cm.jpg,0,genuine,flag,skipped,pass,flag,pass,2,
Im75_2_col.jpg,0,genuine,pass,skipped,pass,flag,pass,1,
Im75_2_r.jpg,0,genuine,pass,skipped,pass,flag,pass,1,
Im75_3_cm.jpg,0,genuine,pass,skipped,pass,skipped,pass,0,
Im75_3_col.jpg,0,genuine,pass,skipped,pass,flag,pass,1,
Im75_3_r.jpg,0,genuine,pass,skipped,pass,flag,pass,1,
Im76_2_cm.jpg,0,genuine,skipped,skipped,pass,skipped,pass,0,
Im76_2_col.jpg,0,genuine,pass,skipped,pass,skipped,pass,0,
Im76_2_r.jpg,0,genuine,skipped,skipped,pass,skipped,pass,0,
Im76_3_cm.jpg,0,genuine,skipped,skipped,pass,skipped,pass,0,
Im76_3_col.jpg,0,genuine,skipped,skipped,pass,skipped,pass,0,
Im76_3_r.jpg,0,genuine,pass,skipped,pass,skipped,pass,0,
Im76_4_col.jpg,0,genuine,skipped,skipped,pass,skipped,pass,0,
Im77_2_cm.jpg,0,genuine,pass,skipped,pass,flag,pass,1,
Im77_2_col.jpg,0,genuine,skipped,skipped,pass,skipped,pass,0,
Im77_2_r.jpg,0,genuine,pass,skipped,pass,skipped,pass,0,
Im77_3_cm.jpg,0,genuine,skipped,skipped,pass,skipped,pass,0,
Im77_3_col.jpg,0,genuine,flag,skipped,pass,flag,pass,2,
Im77_3_r.jpg,0,genuine,skipped,skipped,pass,skipped,pass,0,
Im77_4_r.jpg,0,genuine,skipped,skipped,pass,skipped,pass,0,
Im78_2_cm.jpg,0,genuine,skipped,skipped,flag,skipped,pass,1,
Im78_2_col.jpg,0,genuine,pass,skipped,pass,flag,pass,1,
Im78_2_r.jpg,0,genuine,pass,skipped,pass,pass,pass,0,
Im78_3_cm.jpg,0,genuine,skipped,skipped,pass,skipped,pass,0,
Im78_3_col.jpg,0,genuine,skipped,skipped,pass,skipped,pass,0,
Im78_3_r.jpg,0,genuine,skipped,skipped,pass,skipped,pass,0,
Im78_4_cm.jpg,0,genuine,skipped,skipped,pass,skipped,pass,0,
Im79_2_cm.jpg,0,genuine,pass,skipped,pass,pass,pass,0,
Im79_2_col.jpg,0,genuine,flag,skipped,pass,flag,pass,2,
Im79_2_r.jpg,0,genuine,skipped,skipped,pass,skipped,pass,0,
Im79_3_cm.jpg,0,genuine,skipped,skipped,pass,skipped,pass,0,
Im79_3_col.jpg,0,genuine,pass,skipped,pass,flag,pass,1,
Im79_3_r.jpg,0,genuine,skipped,skipped,pass,skipped,pass,0,
Im79_4_cm.jpg,0,genuine,pass,skipped,skipped,flag,pass,1,
Im7_2.jpg,0,genuine,skipped,skipped,pass,skipped,pass,0,
Im7_2_col.jpg,0,genuine,skipped,skipped,pass,skipped,pass,0,
Im7_2_r.jpg,0,genuine,skipped,skipped,pass,skipped,pass,0,
Im7_3.jpg,0,genuine,skipped,skipped,pass,skipped,pass,0,
Im7_3_col.jpg,0,genuine,skipped,skipped,pass,skipped,pass,0,
Im7_3_r.jpg,0,genuine,skipped,skipped,pass,skipped,pass,0,
Im7_4_col.jpg,0,genuine,skipped,skipped,pass,skipped,pass,0,
Im80_2_cm.jpg,0,genuine,pass,skipped,pass,flag,pass,1,
Im80_2_col.jpg,0,genuine,pass,skipped,pass,flag,pass,1,
Im80_2_r.jpg,0,genuine,pass,skipped,pass,flag,pass,1,
Im80_3_cm.jpg,0,genuine,skipped,skipped,pass,skipped,pass,0,
Im80_3_col.jpg,0,genuine,skipped,skipped,pass,skipped,pass,0,
Im80_3_r.jpg,0,genuine,pass,skipped,pass,flag,pass,1,
Im80_4_col.jpg,0,genuine,pass,skipped,pass,skipped,pass,0,
Im81_2_cm.jpg,0,genuine,skipped,skipped,pass,skipped,pass,0,
Im81_2_col.jpg,0,genuine,flag,skipped,pass,flag,pass,2,
Im81_2_r.jpg,0,genuine,skipped,skipped,pass,skipped,pass,0,
Im81_3_cm.jpg,0,genuine,flag,skipped,skipped,pass,pass,1,
Im81_3_col.jpg,0,genuine,skipped,skipped,pass,skipped,pass,0,
Im81_3_r.jpg,0,genuine,skipped,skipped,pass,skipped,pass,0,
Im81_4_r.jpg,0,genuine,pass,skipped,pass,skipped,pass,0,
Im82_2_cm.jpg,0,genuine,skipped,skipped,flag,skipped,pass,1,
Im82_2_col.jpg,0,genuine,skipped,skipped,pass,skipped,pass,0,
Im82_2_r.jpg,0,genuine,pass,skipped,pass,skipped,pass,0,
Im82_3_cm.jpg,0,genuine,skipped,skipped,pass,skipped,pass,0,
Im82_3_col.jpg,0,genuine,flag,skipped,pass,flag,pass,2,
Im82_3_r.jpg,0,genuine,skipped,skipped,flag,skipped,pass,1,
Im82_4_col.jpg,0,genuine,pass,skipped,pass,flag,pass,1,
Im83_2_cm.jpg,0,genuine,skipped,skipped,pass,skipped,pass,0,
Im83_2_col.jpg,0,genuine,skipped,skipped,pass,skipped,pass,0,
Im83_2_r.jpg,0,genuine,skipped,skipped,pass,skipped,pass,0,
Im83_3_cm.jpg,0,genuine,skipped,skipped,pass,skipped,pass,0,
Im83_3_col.jpg,0,genuine,skipped,skipped,pass,skipped,pass,0,
Im83_3_r.jpg,0,genuine,skipped,skipped,pass,skipped,pass,0,
Im83_4_col.jpg,0,genuine,skipped,skipped,pass,skipped,pass,0,
Im84_2_cm.jpg,0,genuine,skipped,skipped,pass,skipped,pass,0,
Im84_2_col.jpg,0,genuine,skipped,skipped,pass,skipped,pass,0,
Im84_2_r.jpg,0,genuine,pass,skipped,pass,skipped,pass,0,
Im84_3_cm.jpg,0,genuine,skipped,skipped,pass,skipped,pass,0,
Im84_3_col.jpg,0,genuine,pass,skipped,pass,pass,pass,0,
Im84_3_r.jpg,0,genuine,pass,skipped,pass,flag,pass,1,
Im84_4_r.jpg,0,genuine,skipped,skipped,pass,skipped,pass,0,
Im85_2_cm.jpg,0,genuine,skipped,skipped,pass,skipped,pass,0,
Im85_2_col.jpg,0,genuine,pass,skipped,pass,flag,pass,1,
Im85_2_r.jpg,0,genuine,skipped,skipped,pass,skipped,pass,0,
Im85_3_cm.jpg,0,genuine,skipped,skipped,pass,skipped,pass,0,
Im85_3_col.jpg,0,genuine,pass,skipped,pass,skipped,pass,0,
Im85_3_r.jpg,0,genuine,skipped,skipped,pass,skipped,pass,0,
Im85_4_cm.jpg,0,genuine,skipped,skipped,pass,skipped,pass,0,
Im86_2_cm.jpg,0,genuine,skipped,skipped,pass,skipped,pass,0,
Im86_2_col.jpg,0,genuine,skipped,skipped,pass,skipped,pass,0,
Im86_2_r.jpg,0,genuine,skipped,skipped,pass,skipped,pass,0,
Im86_3_cm.jpg,0,genuine,skipped,skipped,pass,skipped,pass,0,
Im86_3_col.jpg,0,genuine,pass,skipped,pass,skipped,pass,0,
Im86_3_r.jpg,0,genuine,pass,skipped,pass,skipped,pass,0,
Im86_4_col.jpg,0,genuine,skipped,skipped,pass,skipped,pass,0,
Im87_2_cm.jpg,0,genuine,pass,skipped,pass,flag,pass,1,
Im87_2_col.jpg,0,genuine,pass,skipped,flag,skipped,pass,1,
Im87_2_r.jpg,0,genuine,pass,skipped,pass,flag,pass,1,
Im87_3_cm.jpg,0,genuine,pass,skipped,pass,flag,pass,1,
Im87_3_col.jpg,0,genuine,skipped,skipped,pass,skipped,pass,0,
Im87_3_r.jpg,0,genuine,pass,skipped,pass,flag,pass,1,
Im87_4_cm.jpg,0,genuine,skipped,skipped,pass,skipped,pass,0,
Im88_2_cm.jpg,0,genuine,skipped,skipped,pass,skipped,pass,0,
Im88_2_col.jpg,0,genuine,pass,skipped,pass,skipped,pass,0,
Im88_2_r.jpg,0,genuine,pass,skipped,pass,pass,pass,0,
Im88_3_cm.jpg,0,genuine,skipped,skipped,pass,skipped,pass,0,
Im88_3_col.jpg,0,genuine,pass,skipped,pass,skipped,pass,0,
Im88_3_r.jpg,0,genuine,skipped,skipped,pass,skipped,pass,0,
Im88_4_col.jpg,0,genuine,skipped,skipped,pass,skipped,pass,0,
Im89_2_cm.jpg,0,genuine,pass,skipped,pass,skipped,pass,0,
Im89_2_col.jpg,0,genuine,pass,skipped,pass,flag,pass,1,
Im89_2_r.jpg,0,genuine,skipped,skipped,pass,skipped,pass,0,
Im89_3_cm.jpg,0,genuine,skipped,skipped,pass,skipped,pass,0,
Im89_3_col.jpg,0,genuine,pass,skipped,pass,flag,pass,1,
Im89_3_r.jpg,0,genuine,pass,skipped,pass,skipped,pass,0,
Im89_4_col.jpg,0,genuine,pass,skipped,pass,skipped,pass,0,
Im8_2.jpg,0,genuine,pass,skipped,pass,flag,pass,1,
Im8_2_col.jpg,0,genuine,pass,skipped,pass,flag,pass,1,
Im8_2_r.jpg,0,genuine,skipped,skipped,pass,skipped,pass,0,
Im8_3.jpg,0,genuine,skipped,skipped,pass,skipped,pass,0,
Im8_3_col.jpg,0,genuine,skipped,skipped,pass,skipped,pass,0,
Im8_3_r.jpg,0,genuine,pass,skipped,pass,flag,pass,1,
Im8_4.jpg,0,genuine,pass,skipped,pass,flag,pass,1,
Im90_2_cm.jpg,0,genuine,pass,skipped,pass,skipped,pass,0,
Im90_2_col.jpg,0,genuine,pass,skipped,pass,flag,pass,1,
Im90_2_r.jpg,0,genuine,skipped,skipped,pass,skipped,pass,0,
Im90_3_cm.jpg,0,genuine,skipped,skipped,pass,skipped,pass,0,
Im90_3_col.jpg,0,genuine,pass,skipped,pass,flag,pass,1,
Im90_3_r.jpg,0,genuine,pass,skipped,pass,skipped,pass,0,
Im90_4_r.jpg,0,genuine,skipped,skipped,pass,skipped,pass,0,
Im91_2_cm.jpg,0,genuine,skipped,skipped,pass,skipped,pass,0,
Im91_2_col.jpg,0,genuine,pass,skipped,flag,flag,pass,2,
Im91_2_r.jpg,0,genuine,skipped,skipped,pass,skipped,pass,0,
Im91_3_cm.jpg,0,genuine,pass,skipped,skipped,pass,pass,0,
Im91_3_col.jpg,0,genuine,pass,skipped,pass,skipped,pass,0,
Im91_3_r.jpg,0,genuine,skipped,skipped,pass,skipped,pass,0,
Im91_4_r.jpg,0,genuine,skipped,skipped,pass,skipped,pass,0,
Im92_2_cm.jpg,0,genuine,skipped,skipped,pass,skipped,pass,0,
Im92_2_col.jpg,0,genuine,skipped,skipped,pass,skipped,pass,0,
Im92_2_r.jpg,0,genuine,skipped,skipped,pass,skipped,pass,0,
Im92_3_cm.jpg,0,genuine,skipped,skipped,pass,skipped,pass,0,
Im92_3_col.jpg,0,genuine,skipped,skipped,pass,skipped,pass,0,
Im92_3_r.jpg,0,genuine,skipped,skipped,pass,skipped,pass,0,
Im92_4_col.jpg,0,genuine,skipped,skipped,pass,skipped,pass,0,
Im93_2_cm.jpg,0,genuine,skipped,skipped,pass,skipped,pass,0,
Im93_2_col.jpg,0,genuine,pass,skipped,pass,skipped,pass,0,
Im93_2_r.jpg,0,genuine,skipped,skipped,pass,skipped,pass,0,
Im93_3_cm.jpg,0,genuine,skipped,skipped,pass,skipped,pass,0,
Im93_3_col.jpg,0,genuine,pass,skipped,pass,flag,pass,1,
Im93_3_r.jpg,0,genuine,skipped,skipped,pass,skipped,pass,0,
Im93_4_r.jpg,0,genuine,skipped,skipped,pass,skipped,pass,0,
Im94_2_cm.jpg,0,genuine,skipped,skipped,pass,skipped,pass,0,
Im94_2_col.jpg,0,genuine,skipped,skipped,pass,skipped,pass,0,
Im94_2_r.jpg,0,genuine,skipped,skipped,pass,skipped,pass,0,
Im94_3_cm.jpg,0,genuine,skipped,skipped,pass,skipped,pass,0,
Im94_3_col.jpg,0,genuine,pass,skipped,pass,skipped,pass,0,
Im94_3_r.jpg,0,genuine,skipped,skipped,pass,skipped,pass,0,
Im94_4_cm.jpg,0,genuine,skipped,skipped,pass,skipped,pass,0,
Im95_2_cm.jpg,0,genuine,skipped,skipped,pass,skipped,pass,0,
Im95_2_col.jpg,0,genuine,pass,skipped,pass,flag,pass,1,
Im95_2_r.jpg,0,genuine,skipped,skipped,pass,skipped,pass,0,
Im95_3_cm.jpg,0,genuine,pass,skipped,pass,flag,pass,1,
Im95_3_col.jpg,0,genuine,flag,skipped,pass,flag,pass,2,
Im95_3_r.jpg,0,genuine,flag,skipped,pass,flag,pass,2,
Im95_4_col.jpg,0,genuine,skipped,skipped,pass,skipped,pass,0,
Im96_2_cm.jpg,0,genuine,pass,skipped,pass,skipped,pass,0,
Im96_2_r.jpg,0,genuine,skipped,skipped,pass,skipped,pass,0,
Im96_3_cm.jpg,0,genuine,skipped,skipped,pass,skipped,pass,0,
Im96_3_col.jpg,0,genuine,skipped,skipped,pass,skipped,pass,0,
Im96_3_r.jpg,0,genuine,flag,skipped,pass,flag,pass,2,
Im96_4_r.jpg,0,genuine,skipped,skipped,pass,skipped,pass,0,
Im97_2_cm.jpg,0,genuine,pass,skipped,pass,skipped,pass,0,
Im97_2_col.jpg,0,genuine,skipped,skipped,pass,skipped,pass,0,
Im97_2_r.jpg,0,genuine,skipped,skipped,flag,skipped,pass,1,
Im97_3_cm.jpg,0,genuine,skipped,skipped,pass,skipped,pass,0,
Im97_3_col.jpg,0,genuine,skipped,skipped,pass,skipped,pass,0,
Im97_3_r.jpg,0,genuine,skipped,skipped,pass,skipped,pass,0,
Im97_4_cm.jpg,0,genuine,skipped,skipped,pass,skipped,pass,0,
Im98_2_cm.jpg,0,genuine,skipped,skipped,pass,skipped,pass,0,
Im98_2_col.jpg,0,genuine,skipped,skipped,pass,skipped,pass,0,
Im98_2_r.jpg,0,genuine,pass,skipped,pass,pass,pass,0,
Im98_3_cm.jpg,0,genuine,pass,skipped,pass,pass,pass,0,
Im98_3_col.jpg,0,genuine,pass,skipped,pass,flag,pass,1,
Im98_3_r.jpg,0,genuine,skipped,skipped,pass,skipped,pass,0,
Im98_4_col.jpg,0,genuine,skipped,skipped,pass,skipped,pass,0,
Im99_2_cm.jpg,0,genuine,skipped,skipped,pass,skipped,pass,0,
Im99_2_col.jpg,0,genuine,pass,skipped,pass,flag,pass,1,
Im99_2_r.jpg,0,genuine,skipped,skipped,pass,skipped,pass,0,
Im99_3_cm.jpg,0,genuine,skipped,skipped,flag,skipped,pass,1,
Im99_3_col.jpg,0,genuine,skipped,skipped,pass,skipped,pass,0,
Im99_3_r.jpg,0,genuine,skipped,skipped,pass,skipped,pass,0,
Im99_4_r.jpg,0,genuine,pass,skipped,pass,flag,pass,1,
Im9_2.jpg,0,genuine,flag,skipped,pass,flag,pass,2,
Im9_2_col.jpg,0,genuine,skipped,skipped,pass,skipped,pass,0,
Im9_2_r.jpg,0,genuine,flag,skipped,pass,flag,pass,2,
Im9_3.jpg,0,genuine,flag,skipped,pass,flag,pass,2,
Im9_3_col.jpg,0,genuine,pass,skipped,pass,flag,pass,1,
Im9_3_r.jpg,0,genuine,flag,skipped,pass,flag,pass,2,
Im9_4_col.jpg,0,genuine,flag,skipped,pass,flag,pass,2,
Im100_cm2.jpg,1,copy_move,skipped,skipped,pass,skipped,pass,0,
Im100_cm3.jpg,1,copy_move,skipped,skipped,pass,skipped,pass,0,
Im100_cm4.jpg,1,copy_move,skipped,skipped,pass,skipped,pass,0,
Im100_col2.jpg,1,colour_manipulation,skipped,skipped,pass,skipped,pass,0,
Im100_col3.jpg,1,colour_manipulation,skipped,skipped,pass,skipped,pass,0,
Im100_r2.jpg,1,resampling,skipped,skipped,pass,skipped,pass,0,
Im100_r3.jpg,1,resampling,skipped,skipped,pass,skipped,pass,0,
Im10_col2.jpg,1,colour_manipulation,skipped,skipped,pass,skipped,pass,0,
Im10_col3.jpg,1,colour_manipulation,skipped,skipped,pass,skipped,pass,0,
Im10_col4.jpg,1,colour_manipulation,skipped,skipped,pass,skipped,pass,0,
Im10_f2.jpg,1,forgery,pass,skipped,pass,skipped,pass,0,
Im10_f3.jpg,1,forgery,skipped,skipped,pass,skipped,pass,0,
Im10_r2.jpg,1,resampling,skipped,skipped,pass,skipped,pass,0,
Im10_r3.jpg,1,resampling,pass,skipped,pass,skipped,pass,0,
Im11_col2.jpg,1,colour_manipulation,skipped,skipped,pass,skipped,pass,0,
Im11_col3.jpg,1,colour_manipulation,skipped,skipped,pass,skipped,pass,0,
Im11_f2.jpg,1,forgery,skipped,skipped,pass,skipped,pass,0,
Im11_f3.jpg,1,forgery,skipped,skipped,pass,skipped,pass,0,
Im11_r2.jpg,1,resampling,skipped,skipped,pass,skipped,pass,0,
Im11_r3.jpg,1,resampling,skipped,skipped,pass,skipped,pass,0,
Im11_r4.jpg,1,resampling,skipped,skipped,pass,skipped,pass,0,
Im12_col2.jpg,1,colour_manipulation,skipped,skipped,pass,skipped,pass,0,
Im12_col3.jpg,1,colour_manipulation,pass,skipped,pass,flag,pass,1,
Im12_f2.jpg,1,forgery,pass,skipped,pass,flag,pass,1,
Im12_f3.jpg,1,forgery,skipped,skipped,pass,skipped,pass,0,
Im12_r2.jpg,1,resampling,pass,skipped,pass,flag,pass,1,
Im12_r3.jpg,1,resampling,skipped,skipped,pass,skipped,pass,0,
Im12_r4.jpg,1,resampling,pass,skipped,pass,flag,pass,1,
Im13_col2.jpg,1,colour_manipulation,skipped,skipped,pass,skipped,pass,0,
Im13_col3.jpg,1,colour_manipulation,pass,skipped,pass,flag,pass,1,
Im13_f2.jpg,1,forgery,pass,skipped,pass,flag,pass,1,
Im13_f3.jpg,1,forgery,pass,skipped,pass,flag,pass,1,
Im13_f4.jpg,1,forgery,skipped,skipped,pass,skipped,pass,0,
Im13_r2.jpg,1,resampling,skipped,skipped,pass,skipped,pass,0,
Im13_r3.jpg,1,resampling,skipped,skipped,pass,skipped,pass,0,
Im14_col2.jpg,1,colour_manipulation,pass,skipped,pass,flag,pass,1,
Im14_col3.jpg,1,colour_manipulation,pass,skipped,flag,flag,pass,2,
Im14_col4.jpg,1,colour_manipulation,pass,skipped,pass,skipped,pass,0,
Im14_f2.jpg,1,forgery,skipped,skipped,pass,skipped,pass,0,
Im14_f3.jpg,1,forgery,pass,skipped,pass,flag,pass,1,
Im14_r2.jpg,1,resampling,skipped,skipped,pass,skipped,pass,0,
Im14_r3.jpg,1,resampling,skipped,skipped,pass,skipped,pass,0,
Im15_col2.jpg,1,colour_manipulation,pass,skipped,pass,flag,pass,1,
Im15_col3.jpg,1,colour_manipulation,pass,skipped,pass,flag,pass,1,
Im15_f2.jpg,1,forgery,skipped,skipped,pass,skipped,pass,0,
Im15_f3.jpg,1,forgery,skipped,skipped,pass,skipped,pass,0,
Im15_r2.jpg,1,resampling,skipped,skipped,pass,skipped,pass,0,
Im15_r3.jpg,1,resampling,pass,skipped,pass,skipped,pass,0,
Im15_r4.jpg,1,resampling,skipped,skipped,pass,skipped,pass,0,
Im16_cmfr1.jpg,1,copy_move_forgery,skipped,skipped,pass,skipped,pass,0,
Im16_col2.jpg,1,colour_manipulation,skipped,skipped,pass,skipped,pass,0,
Im16_col3.jpg,1,colour_manipulation,skipped,skipped,pass,skipped,pass,0,
Im16_f2.jpg,1,forgery,skipped,skipped,pass,skipped,pass,0,
Im16_f3.jpg,1,forgery,skipped,skipped,pass,skipped,pass,0,
Im16_f4.jpg,1,forgery,pass,skipped,pass,skipped,pass,0,
Im16_r2.jpg,1,resampling,skipped,skipped,flag,skipped,pass,1,
Im16_r3.jpg,1,resampling,skipped,skipped,flag,skipped,pass,1,
Im17_cmfr1.jpg,1,copy_move_forgery,pass,skipped,pass,skipped,pass,0,
Im17_col2.jpg,1,colour_manipulation,pass,skipped,pass,skipped,pass,0,
Im17_col3.jpg,1,colour_manipulation,skipped,skipped,pass,skipped,pass,0,
Im17_col4.jpg,1,colour_manipulation,pass,skipped,pass,flag,pass,1,
Im17_f2.jpg,1,forgery,pass,skipped,pass,skipped,pass,0,
Im17_f3.jpg,1,forgery,skipped,skipped,pass,skipped,pass,0,
Im17_r2.jpg,1,resampling,skipped,skipped,pass,skipped,pass,0,
Im17_r3.jpg,1,resampling,skipped,skipped,pass,skipped,pass,0,
Im18_cmfr1.jpg,1,copy_move_forgery,skipped,skipped,pass,skipped,pass,0,
Im18_col2.jpg,1,colour_manipulation,skipped,skipped,pass,skipped,pass,0,
Im18_col3.jpg,1,colour_manipulation,pass,skipped,pass,pass,pass,0,
Im18_f2.jpg,1,forgery,skipped,skipped,pass,skipped,pass,0,
Im18_f3.jpg,1,forgery,skipped,skipped,pass,skipped,pass,0,
Im18_r2.jpg,1,resampling,skipped,skipped,pass,skipped,pass,0,
Im18_r3.jpg,1,resampling,pass,skipped,pass,flag,pass,1,
Im18_r4.jpg,1,resampling,pass,skipped,pass,flag,pass,1,
Im19_cmfr1.jpg,1,copy_move_forgery,skipped,skipped,pass,skipped,pass,0,
Im19_col2.jpg,1,colour_manipulation,skipped,skipped,pass,skipped,pass,0,
Im19_f2.jpg,1,forgery,pass,skipped,pass,flag,pass,1,
Im19_f3.jpg,1,forgery,skipped,skipped,flag,skipped,pass,1,
Im19_f4.jpg,1,forgery,skipped,skipped,pass,skipped,pass,0,
Im19_r2.jpg,1,resampling,skipped,skipped,pass,skipped,pass,0,
Im19_r3.jpg,1,resampling,skipped,skipped,pass,skipped,pass,0,
Im19col3.jpg,1,unknown,skipped,skipped,pass,skipped,pass,0,
Im1_col2.jpg,1,colour_manipulation,skipped,skipped,pass,skipped,pass,0,
Im1_col3.jpg,1,colour_manipulation,skipped,skipped,pass,skipped,pass,0,
Im1_f2.jpg,1,forgery,pass,skipped,pass,flag,pass,1,
Im1_f3.jpg,1,forgery,flag,skipped,pass,flag,pass,2,
Im1_f4.jpg,1,forgery,skipped,skipped,pass,skipped,pass,0,
Im1_r2.jpg,1,resampling,skipped,skipped,pass,skipped,pass,0,
Im1_r3.jpg,1,resampling,skipped,skipped,pass,skipped,pass,0,
Im20_cmfr1.jpg,1,copy_move_forgery,skipped,skipped,pass,skipped,pass,0,
Im20_col2.jpg,1,colour_manipulation,skipped,skipped,pass,skipped,pass,0,
Im20_col3.jpg,1,colour_manipulation,skipped,skipped,pass,skipped,pass,0,
Im20_col4.jpg,1,colour_manipulation,skipped,skipped,pass,skipped,pass,0,
Im20_f2.jpg,1,forgery,skipped,skipped,pass,skipped,pass,0,
Im20_f3.jpg,1,forgery,skipped,skipped,pass,skipped,pass,0,
Im20_r2.jpg,1,resampling,skipped,skipped,pass,skipped,pass,0,
Im20_r3.jpg,1,resampling,skipped,skipped,pass,skipped,pass,0,
Im21_cmfr1.jpg,1,copy_move_forgery,skipped,skipped,pass,skipped,pass,0,
Im21_col2.jpg,1,colour_manipulation,skipped,skipped,pass,skipped,pass,0,
Im21_col3.jpg,1,colour_manipulation,skipped,skipped,pass,skipped,pass,0,
Im21_f2.jpg,1,forgery,skipped,skipped,pass,skipped,pass,0,
Im21_f3.jpg,1,forgery,skipped,skipped,pass,skipped,pass,0,
Im21_r2.jpg,1,resampling,skipped,skipped,flag,skipped,pass,1,
Im21_r3.jpg,1,resampling,pass,skipped,pass,flag,pass,1,
Im21_r4.jpg,1,resampling,skipped,skipped,flag,skipped,pass,1,
Im22_cmfr1.jpg,1,copy_move_forgery,skipped,skipped,flag,skipped,pass,1,
Im22_col2.jpg,1,colour_manipulation,pass,skipped,pass,flag,pass,1,
Im22_col3.jpg,1,colour_manipulation,pass,skipped,pass,flag,pass,1,
Im22_f2.jpg,1,forgery,pass,skipped,pass,flag,pass,1,
Im22_f3.jpg,1,forgery,pass,skipped,pass,flag,pass,1,
Im22_f4.jpg,1,forgery,skipped,skipped,pass,skipped,pass,0,
Im22_r2.jpg,1,resampling,skipped,skipped,flag,skipped,pass,1,
Im22_r3.jpg,1,resampling,skipped,skipped,pass,skipped,pass,0,
Im23_cmfr1.jpg,1,copy_move_forgery,skipped,skipped,pass,skipped,pass,0,
Im23_col2.jpg,1,colour_manipulation,flag,skipped,pass,flag,pass,2,
Im23_col3.jpg,1,colour_manipulation,flag,skipped,pass,flag,pass,2,
Im23_col4.jpg,1,colour_manipulation,pass,skipped,pass,skipped,pass,0,
Im23_f2.jpg,1,forgery,pass,skipped,pass,skipped,pass,0,
Im23_f3.jpg,1,forgery,skipped,skipped,pass,skipped,pass,0,
Im23_r2.jpg,1,resampling,skipped,skipped,flag,skipped,pass,1,
Im23_r3.jpg,1,resampling,skipped,skipped,flag,skipped,pass,1,
Im24_cmfr1.jpg,1,copy_move_forgery,skipped,skipped,pass,skipped,pass,0,
Im24_col2.jpg,1,colour_manipulation,pass,skipped,pass,skipped,pass,0,
Im24_col3.jpg,1,colour_manipulation,pass,skipped,pass,flag,pass,1,
Im24_f2.jpg,1,forgery,pass,skipped,pass,skipped,pass,0,
Im24_f3.jpg,1,forgery,pass,skipped,pass,flag,pass,1,
Im24_r2.jpg,1,resampling,skipped,skipped,flag,skipped,pass,1,
Im24_r3.jpg,1,resampling,skipped,skipped,flag,skipped,pass,1,
Im25_cmfr1.jpg,1,copy_move_forgery,skipped,skipped,pass,skipped,pass,0,
Im25_col2.jpg,1,colour_manipulation,flag,skipped,flag,flag,pass,3,
Im25_col3.jpg,1,colour_manipulation,skipped,skipped,pass,skipped,pass,0,
Im25_f2.jpg,1,forgery,pass,skipped,pass,skipped,pass,0,
Im25_f3.jpg,1,forgery,skipped,skipped,pass,skipped,pass,0,
Im25_f4.jpg,1,forgery,pass,skipped,pass,flag,pass,1,
Im25_r2.jpg,1,resampling,skipped,skipped,pass,skipped,pass,0,
Im25_r3.jpg,1,resampling,skipped,skipped,pass,skipped,pass,0,
Im26_cmfr1.jpg,1,copy_move_forgery,pass,skipped,pass,flag,pass,1,
Im26_col2.jpg,1,colour_manipulation,pass,skipped,pass,flag,pass,1,
Im26_col3.jpg,1,colour_manipulation,pass,skipped,pass,flag,pass,1,
Im26_col4.jpg,1,colour_manipulation,skipped,skipped,pass,skipped,pass,0,
Im26_f2.jpg,1,forgery,pass,skipped,pass,flag,pass,1,
Im26_f3.jpg,1,forgery,skipped,skipped,pass,skipped,pass,0,
Im26_r2.jpg,1,resampling,skipped,skipped,pass,skipped,pass,0,
Im26_r3.jpg,1,resampling,skipped,skipped,flag,skipped,pass,1,
Im27_cmfr1.jpg,1,copy_move_forgery,skipped,skipped,pass,skipped,pass,0,
Im27_col2.jpg,1,colour_manipulation,skipped,skipped,pass,skipped,pass,0,
Im27_col3.jpg,1,colour_manipulation,flag,skipped,pass,flag,pass,2,
Im27_f2.jpg,1,forgery,pass,skipped,pass,flag,pass,1,
Im27_f3.jpg,1,forgery,skipped,skipped,pass,skipped,pass,0,
Im27_r2.jpg,1,resampling,skipped,skipped,pass,skipped,pass,0,
Im27_r3.jpg,1,resampling,skipped,skipped,flag,skipped,pass,1,
Im27_r4.jpg,1,resampling,skipped,skipped,flag,skipped,pass,1,
Im28_cmfr1.jpg,1,copy_move_forgery,skipped,skipped,pass,skipped,pass,0,
Im28_col2.jpg,1,colour_manipulation,pass,skipped,pass,pass,pass,0,
Im28_col3.jpg,1,colour_manipulation,skipped,skipped,pass,skipped,pass,0,
Im28_f2.jpg,1,forgery,skipped,skipped,pass,skipped,pass,0,
Im28_f3.jpg,1,forgery,pass,skipped,pass,skipped,pass,0,
Im28_f4.jpg,1,forgery,pass,skipped,pass,skipped,pass,0,
Im28_r2.jpg,1,resampling,skipped,skipped,pass,skipped,pass,0,
Im28_r3.jpg,1,resampling,skipped,skipped,pass,skipped,pass,0,
Im29_cmfr1.jpg,1,copy_move_forgery,pass,skipped,pass,flag,pass,1,
Im29_col2.jpg,1,colour_manipulation,flag,skipped,pass,flag,pass,2,
Im29_col3.jpg,1,colour_manipulation,skipped,skipped,pass,skipped,pass,0,
Im29_col4.jpg,1,colour_manipulation,skipped,skipped,pass,skipped,pass,0,
Im29_f2.jpg,1,forgery,pass,skipped,pass,flag,pass,1,
Im29_f3.jpg,1,forgery,flag,skipped,pass,flag,pass,2,
Im29_r2.jpg,1,resampling,skipped,skipped,pass,skipped,pass,0,
Im29_r3.jpg,1,resampling,skipped,skipped,flag,skipped,pass,1,
Im2_col2.jpg,1,colour_manipulation,skipped,skipped,pass,skipped,pass,0,
Im2_col3.jpg,1,colour_manipulation,skipped,skipped,pass,skipped,pass,0,
Im2_col4.jpg,1,colour_manipulation,skipped,skipped,pass,skipped,pass,0,
Im2_f2.jpg,1,forgery,skipped,skipped,pass,skipped,pass,0,
Im2_f3.jpg,1,forgery,skipped,skipped,pass,skipped,pass,0,
Im2_r2.jpg,1,resampling,skipped,skipped,pass,skipped,pass,0,
Im2_r3.jpg,1,resampling,skipped,skipped,pass,skipped,pass,0,
Im30_cmfr1.jpg,1,copy_move_forgery,pass,skipped,pass,skipped,pass,0,
Im30_col2.jpg,1,colour_manipulation,pass,skipped,pass,flag,pass,1,
Im30_col3.jpg,1,colour_manipulation,pass,skipped,pass,flag,pass,1,
Im30_f2.jpg,1,forgery,pass,skipped,pass,flag,pass,1,
Im30_f3.jpg,1,forgery,pass,skipped,pass,pass,pass,0,
Im30_r2.jpg,1,resampling,skipped,skipped,pass,skipped,pass,0,
Im30_r3.jpg,1,resampling,skipped,skipped,flag,skipped,pass,1,
Im30_r4.jpg,1,resampling,skipped,skipped,flag,skipped,pass,1,
Im31_cmfr1.jpg,1,copy_move_forgery,skipped,skipped,pass,skipped,pass,0,
Im31_col2.jpg,1,colour_manipulation,pass,skipped,pass,flag,pass,1,
Im31_col3.jpg,1,colour_manipulation,skipped,skipped,pass,skipped,pass,0,
Im31_f2.jpg,1,forgery,flag,skipped,pass,flag,pass,2,
Im31_f3.jpg,1,forgery,skipped,skipped,pass,skipped,pass,0,
Im31_f4.jpg,1,forgery,pass,skipped,pass,skipped,pass,0,
Im31_r2.jpg,1,resampling,skipped,skipped,pass,skipped,pass,0,
Im31_r3.jpg,1,resampling,skipped,skipped,flag,skipped,pass,1,
Im32_cmfr1.jpg,1,copy_move_forgery,pass,skipped,pass,skipped,pass,0,
Im32_col2.jpg,1,colour_manipulation,pass,skipped,pass,skipped,pass,0,
Im32_col3.jpg,1,colour_manipulation,skipped,skipped,pass,skipped,pass,0,
Im32_col4.jpg,1,colour_manipulation,skipped,skipped,pass,skipped,pass,0,
Im32_f2.jpg,1,forgery,skipped,skipped,pass,skipped,pass,0,
Im32_f3.jpg,1,forgery,pass,skipped,pass,skipped,pass,0,
Im32_r2.jpg,1,resampling,skipped,skipped,pass,skipped,pass,0,
Im32_r3.jpg,1,resampling,skipped,skipped,pass,skipped,pass,0,
Im33_cmfr1.jpg,1,copy_move_forgery,skipped,skipped,pass,skipped,pass,0,
Im33_col2.jpg,1,colour_manipulation,skipped,skipped,pass,skipped,pass,0,
Im33_col3.jpg,1,colour_manipulation,pass,skipped,pass,flag,pass,1,
Im33_f2.jpg,1,forgery,pass,skipped,pass,flag,pass,1,
Im33_f3.jpg,1,forgery,skipped,skipped,pass,skipped,pass,0,
Im33_r2.jpg,1,resampling,skipped,skipped,pass,skipped,pass,0,
Im33_r3.jpg,1,resampling,pass,skipped,flag,skipped,pass,1,
Im33_r4.jpg,1,resampling,skipped,skipped,pass,skipped,pass,0,
Im34_cmfr1.jpg,1,copy_move_forgery,flag,skipped,pass,flag,pass,2,
Im34_col2.jpg,1,colour_manipulation,pass,skipped,pass,flag,pass,1,
Im34_col3.jpg,1,colour_manipulation,skipped,skipped,pass,skipped,pass,0,
Im34_f2.jpg,1,forgery,skipped,skipped,pass,skipped,pass,0,
Im34_f3.jpg,1,forgery,pass,skipped,pass,flag,pass,1,
Im34_f4.jpg,1,forgery,flag,skipped,pass,flag,pass,2,
Im34_r2.jpg,1,resampling,skipped,skipped,flag,skipped,pass,1,
Im34_r3.jpg,1,resampling,skipped,skipped,flag,skipped,pass,1,
Im35_cmfr1.jpg,1,copy_move_forgery,pass,skipped,pass,flag,pass,1,
Im35_col2.jpg,1,colour_manipulation,skipped,skipped,pass,skipped,pass,0,
Im35_col3.jpg,1,colour_manipulation,skipped,skipped,pass,skipped,pass,0,
Im35_col4.jpg,1,colour_manipulation,flag,skipped,pass,pass,pass,1,
Im35_f2.jpg,1,forgery,skipped,skipped,pass,skipped,pass,0,
Im35_f3.jpg,1,forgery,pass,skipped,flag,skipped,pass,1,
Im35_r2.jpg,1,resampling,skipped,skipped,flag,skipped,pass,1,
Im35_r3.jpg,1,resampling,skipped,skipped,flag,skipped,pass,1,
Im36_cmfr1.jpg,1,copy_move_forgery,pass,skipped,pass,flag,pass,1,
Im36_col2.jpg,1,colour_manipulation,pass,skipped,flag,skipped,pass,1,
Im36_col3.jpg,1,colour_manipulation,skipped,skipped,pass,skipped,pass,0,
Im36_f2.jpg,1,forgery,pass,skipped,pass,skipped,pass,0,
Im36_f3.jpg,1,forgery,pass,skipped,pass,flag,pass,1,
Im36_r2.jpg,1,resampling,pass,skipped,pass,skipped,pass,0,
Im36_r3.jpg,1,resampling,skipped,skipped,pass,skipped,pass,0,
Im36_r4.jpg,1,resampling,skipped,skipped,pass,skipped,pass,0,
Im37_cmfr1.jpg,1,copy_move_forgery,pass,skipped,pass,skipped,pass,0,
Im37_col2.jpg,1,colour_manipulation,skipped,skipped,pass,skipped,pass,0,
Im37_col3.jpg,1,colour_manipulation,pass,skipped,pass,skipped,pass,0,
Im37_f2.jpg,1,forgery,pass,skipped,pass,flag,pass,1,
Im37_f3.jpg,1,forgery,skipped,skipped,pass,skipped,pass,0,
Im37_f4.jpg,1,forgery,pass,skipped,pass,skipped,pass,0,
Im37_r2.jpg,1,resampling,skipped,skipped,pass,skipped,pass,0,
Im37_r3.jpg,1,resampling,pass,skipped,pass,skipped,pass,0,
Im38_cmfr1.jpg,1,copy_move_forgery,skipped,skipped,pass,skipped,pass,0,
Im38_col2.jpg,1,colour_manipulation,skipped,skipped,pass,skipped,pass,0,
Im38_col3.jpg,1,colour_manipulation,flag,skipped,pass,flag,pass,2,
Im38_col4.jpg,1,colour_manipulation,skipped,skipped,pass,skipped,pass,0,
Im38_f2.jpg,1,forgery,pass,skipped,flag,skipped,pass,1,
Im38_f3.jpg,1,forgery,skipped,skipped,pass,skipped,pass,0,
Im38_r2.jpg,1,resampling,skipped,skipped,pass,skipped,pass,0,
Im38_r3.jpg,1,resampling,skipped,skipped,flag,skipped,pass,1,
Im39_cmfr1.jpg,1,copy_move_forgery,pass,skipped,pass,flag,pass,1,
Im39_col2.jpg,1,colour_manipulation,pass,skipped,flag,pass,pass,1,
Im39_col3.jpg,1,colour_manipulation,skipped,skipped,pass,skipped,pass,0,
Im39_f2.jpg,1,forgery,flag,skipped,pass,flag,pass,2,
Im39_f3.jpg,1,forgery,pass,skipped,pass,flag,pass,1,
Im39_r2.jpg,1,resampling,skipped,skipped,pass,skipped,pass,0,
Im39_r3.jpg,1,resampling,skipped,skipped,pass,skipped,pass,0,
Im39_r4.jpg,1,resampling,skipped,skipped,pass,skipped,pass,0,
Im3_col2.jpg,1,colour_manipulation,skipped,skipped,pass,skipped,pass,0,
Im3_col3.jpg,1,colour_manipulation,skipped,skipped,pass,skipped,pass,0,
Im3_f2.jpg,1,forgery,skipped,skipped,pass,skipped,pass,0,
Im3_f3.jpg,1,forgery,skipped,skipped,pass,skipped,pass,0,
Im3_r2.jpg,1,resampling,skipped,skipped,pass,skipped,pass,0,
Im3_r3.jpg,1,resampling,skipped,skipped,pass,skipped,pass,0,
Im3_r4.jpg,1,resampling,skipped,skipped,pass,skipped,pass,0,
Im40_cmfr1.jpg,1,copy_move_forgery,pass,skipped,pass,skipped,pass,0,
Im40_col2.jpg,1,colour_manipulation,skipped,skipped,pass,skipped,pass,0,
Im40_col3.jpg,1,colour_manipulation,pass,skipped,pass,skipped,pass,0,
Im40_f2.jpg,1,forgery,pass,skipped,pass,flag,pass,1,
Im40_f3.jpg,1,forgery,pass,skipped,pass,skipped,pass,0,
Im40_f4.jpg,1,forgery,pass,skipped,pass,skipped,pass,0,
Im40_r2.jpg,1,resampling,skipped,skipped,pass,skipped,pass,0,
Im40_r3.jpg,1,resampling,pass,skipped,pass,skipped,pass,0,
Im41_cmfr1.jpg,1,copy_move_forgery,skipped,skipped,flag,skipped,pass,1,
Im41_col2.jpg,1,colour_manipulation,skipped,skipped,pass,skipped,pass,0,
Im41_col3.jpg,1,colour_manipulation,pass,skipped,pass,skipped,pass,0,
Im41_col4.jpg,1,colour_manipulation,pass,skipped,pass,flag,pass,1,
Im41_f2.jpg,1,forgery,pass,skipped,pass,flag,pass,1,
Im41_f3.jpg,1,forgery,flag,skipped,pass,flag,pass,2,
Im41_r2.jpg,1,resampling,skipped,skipped,pass,skipped,pass,0,
Im41_r3.jpg,1,resampling,skipped,skipped,pass,skipped,pass,0,
Im42_cmfr1.jpg,1,copy_move_forgery,pass,skipped,pass,skipped,pass,0,
Im42_col2.jpg,1,colour_manipulation,pass,skipped,pass,skipped,pass,0,
Im42_col3.jpg,1,colour_manipulation,flag,skipped,pass,flag,pass,2,
Im42_f2.jpg,1,forgery,pass,skipped,pass,pass,pass,0,
Im42_f3.jpg,1,forgery,flag,skipped,pass,flag,pass,2,
Im42_r2.jpg,1,resampling,pass,skipped,pass,skipped,pass,0,
Im42_r3.jpg,1,resampling,pass,skipped,pass,flag,pass,1,
Im42_r4.jpg,1,resampling,pass,skipped,pass,flag,pass,1,
Im43_cmfr1.jpg,1,copy_move_forgery,pass,skipped,pass,flag,pass,1,
Im43_col2.jpg,1,colour_manipulation,skipped,skipped,pass,skipped,pass,0,
Im43_col3.jpg,1,colour_manipulation,skipped,skipped,pass,skipped,pass,0,
Im43_f2.jpg,1,forgery,flag,skipped,pass,flag,pass,2,
Im43_f3.jpg,1,forgery,pass,skipped,pass,skipped,pass,0,
Im43_f4.jpg,1,forgery,skipped,skipped,pass,skipped,pass,0,
Im43_r2.jpg,1,resampling,skipped,skipped,pass,skipped,pass,0,
Im43_r3.jpg,1,resampling,skipped,skipped,pass,skipped,pass,0,
Im44_cmfr1.jpg,1,copy_move_forgery,skipped,skipped,pass,skipped,pass,0,
Im44_col2.jpg,1,colour_manipulation,pass,skipped,skipped,skipped,pass,0,
Im44_col3.jpg,1,colour_manipulation,skipped,skipped,pass,skipped,pass,0,
Im44_f2.jpg,1,forgery,skipped,skipped,pass,skipped,pass,0,
Im44_f3.jpg,1,forgery,skipped,skipped,pass,skipped,pass,0,
Im44_f4.jpg,1,forgery,pass,skipped,skipped,flag,pass,1,
Im44_r2.jpg,1,resampling,skipped,skipped,pass,skipped,pass,0,
Im44_r3.jpg,1,resampling,pass,skipped,flag,flag,pass,2,
Im45_cmfr1.jpg,1,copy_move_forgery,skipped,skipped,pass,skipped,pass,0,
Im45_col2.jpg,1,colour_manipulation,skipped,skipped,pass,skipped,pass,0,
Im45_col3.jpg,1,colour_manipulation,skipped,skipped,pass,skipped,pass,0,
Im45_f2.jpg,1,forgery,skipped,skipped,pass,skipped,pass,0,
Im45_f3.jpg,1,forgery,skipped,skipped,pass,skipped,pass,0,
Im45_r2.jpg,1,resampling,skipped,skipped,pass,skipped,pass,0,
Im45_r3.jpg,1,resampling,skipped,skipped,pass,skipped,pass,0,
Im45_r4.jpg,1,resampling,skipped,skipped,pass,skipped,pass,0,
Im46_cmfr1.jpg,1,copy_move_forgery,skipped,skipped,pass,skipped,pass,0,
Im46_col2.jpg,1,colour_manipulation,skipped,skipped,pass,skipped,pass,0,
Im46_col3.jpg,1,colour_manipulation,skipped,skipped,pass,skipped,pass,0,
Im46_f2.jpg,1,forgery,pass,skipped,pass,flag,pass,1,
Im46_f3.jpg,1,forgery,skipped,skipped,flag,skipped,pass,1,
Im46_f4.jpg,1,forgery,skipped,skipped,pass,skipped,pass,0,
Im46_r2.jpg,1,resampling,skipped,skipped,flag,skipped,pass,1,
Im46_r3.jpg,1,resampling,skipped,skipped,pass,skipped,pass,0,
Im47_cmfr1.jpg,1,copy_move_forgery,pass,skipped,pass,skipped,pass,0,
Im47_col2.jpg,1,colour_manipulation,skipped,skipped,pass,skipped,pass,0,
Im47_col3.jpg,1,colour_manipulation,pass,skipped,pass,flag,pass,1,
Im47_col4.jpg,1,colour_manipulation,skipped,skipped,pass,skipped,pass,0,
Im47_f2.jpg,1,forgery,pass,skipped,pass,skipped,pass,0,
Im47_f3.jpg,1,forgery,skipped,skipped,pass,skipped,pass,0,
Im47_r2.jpg,1,resampling,skipped,skipped,pass,skipped,pass,0,
Im47_r3.jpg,1,resampling,skipped,skipped,flag,skipped,pass,1,
Im48_cmfr1.jpg,1,copy_move_forgery,pass,skipped,pass,flag,pass,1,
Im48_col2.jpg,1,colour_manipulation,skipped,skipped,flag,skipped,pass,1,
Im48_col3.jpg,1,colour_manipulation,pass,skipped,pass,flag,pass,1,
Im48_f2.jpg,1,forgery,pass,skipped,pass,flag,pass,1,
Im48_f3.jpg,1,forgery,pass,skipped,pass,skipped,pass,0,
Im48_r2.jpg,1,resampling,skipped,skipped,flag,skipped,pass,1,
Im48_r3.jpg,1,resampling,skipped,skipped,flag,skipped,pass,1,
Im48_r4.jpg,1,resampling,pass,skipped,flag,flag,pass,2,
Im49_cmfr1.jpg,1,copy_move_forgery,pass,skipped,pass,flag,pass,1,
Im49_col2.jpg,1,colour_manipulation,pass,skipped,pass,flag,pass,1,
Im49_col3.jpg,1,colour_manipulation,skipped,skipped,pass,skipped,pass,0,
Im49_f2.jpg,1,forgery,flag,skipped,pass,flag,pass,2,
Im49_f3.jpg,1,forgery,skipped,skipped,pass,skipped,pass,0,
Im49_f4.jpg,1,forgery,pass,skipped,pass,flag,pass,1,
Im49_r2.jpg,1,resampling,pass,skipped,pass,pass,pass,0,
Im49_r3.jpg,1,resampling,skipped,skipped,flag,skipped,pass,1,
Im4_col2.jpg,1,colour_manipulation,skipped,skipped,pass,skipped,pass,0,
Im4_col3.jpg,1,colour_manipulation,skipped,skipped,pass,skipped,pass,0,
Im4_f2.jpg,1,forgery,pass,skipped,flag,flag,pass,2,
Im4_f3.jpg,1,forgery,skipped,skipped,pass,skipped,pass,0,
Im4_f4.jpg,1,forgery,pass,skipped,pass,skipped,pass,0,
Im4_r2.jpg,1,resampling,skipped,skipped,pass,skipped,pass,0,
Im4_r3.jpg,1,resampling,skipped,skipped,pass,skipped,pass,0,
Im50_cmfr1.jpg,1,copy_move_forgery,skipped,skipped,pass,skipped,pass,0,
Im50_col2.jpg,1,colour_manipulation,skipped,skipped,pass,skipped,pass,0,
Im50_col3.jpg,1,colour_manipulation,pass,skipped,flag,pass,pass,1,
Im50_col4.jpg,1,colour_manipulation,skipped,skipped,pass,skipped,pass,0,
Im50_f2.jpg,1,forgery,skipped,skipped,pass,skipped,pass,0,
Im50_f3.jpg,1,forgery,flag,skipped,pass,flag,pass,2,
Im50_r2.jpg,1,resampling,pass,skipped,pass,skipped,pass,0,
Im50_r3.jpg,1,resampling,skipped,skipped,pass,skipped,pass,0,
Im51_cm2.jpg,1,copy_move,pass,skipped,pass,skipped,pass,0,
Im51_cm3.jpg,1,copy_move,skipped,skipped,pass,skipped,pass,0,
Im51_col2.jpg,1,colour_manipulation,pass,skipped,pass,flag,pass,1,
Im51_col3.jpg,1,colour_manipulation,pass,skipped,pass,skipped,pass,0,
Im51_r2.jpg,1,resampling,skipped,skipped,pass,skipped,pass,0,
Im51_r3.jpg,1,resampling,skipped,skipped,pass,skipped,pass,0,
Im51_r4.jpg,1,resampling,skipped,skipped,flag,skipped,pass,1,
Im52_cm2.jpg,1,copy_move,skipped,skipped,pass,skipped,pass,0,
Im52_cm3.jpg,1,copy_move,pass,skipped,pass,skipped,pass,0,
Im52_cm4.jpg,1,copy_move,skipped,skipped,pass,skipped,pass,0,
Im52_col2.jpg,1,colour_manipulation,pass,skipped,pass,flag,pass,1,
Im52_col3.jpg,1,colour_manipulation,pass,skipped,pass,flag,pass,1,
Im52_r2.jpg,1,resampling,skipped,skipped,pass,skipped,pass,0,
Im52_r3.jpg,1,resampling,skipped,skipped,pass,skipped,pass,0,
Im53_cm2.jpg,1,copy_move,skipped,skipped,pass,skipped,pass,0,
Im53_cm3.jpg,1,copy_move,pass,skipped,pass,skipped,pass,0,
Im53_col2.jpg,1,colour_manipulation,pass,skipped,pass,flag,pass,1,
Im53_col3.jpg,1,colour_manipulation,flag,skipped,pass,flag,pass,2,
Im53_col4.jpg,1,colour_manipulation,skipped,skipped,pass,skipped,pass,0,
Im53_r2.jpg,1,resampling,pass,skipped,pass,flag,pass,1,
Im53_r3.jpg,1,resampling,skipped,skipped,flag,skipped,pass,1,
Im54_cm2.jpg,1,copy_move,skipped,skipped,pass,skipped,pass,0,
Im54_cm3.jpg,1,copy_move,pass,skipped,pass,skipped,pass,0,
Im54_col2.jpg,1,colour_manipulation,skipped,skipped,pass,skipped,pass,0,
Im54_col3.jpg,1,colour_manipulation,pass,skipped,pass,flag,pass,1,
Im54_r3.jpg,1,resampling,skipped,skipped,flag,skipped,pass,1,
Im54_r4.jpg,1,resampling,skipped,skipped,pass,skipped,pass,0,
Im55_cm2.jpg,1,copy_move,skipped,skipped,pass,skipped,pass,0,
Im55_cm3.jpg,1,copy_move,skipped,skipped,pass,skipped,pass,0,
Im55_col2.jpg,1,colour_manipulation,pass,skipped,pass,skipped,pass,0,
Im55_col3.jpg,1,colour_manipulation,skipped,skipped,pass,skipped,pass,0,
Im55_r2.jpg,1,resampling,skipped,skipped,pass,skipped,pass,0,
Im55_r3.jpg,1,resampling,pass,skipped,pass,flag,pass,1,
Im55_r4.jpg,1,resampling,skipped,skipped,pass,skipped,pass,0,
Im56_cm2.jpg,1,copy_move,flag,skipped,pass,flag,pass,2,
Im56_cm3.jpg,1,copy_move,skipped,skipped,pass,skipped,pass,0,
Im56_col2.jpg,1,colour_manipulation,flag,skipped,pass,flag,pass,2,
Im56_col3.jpg,1,colour_manipulation,skipped,skipped,pass,skipped,pass,0,
Im56_col4.jpg,1,colour_manipulation,pass,skipped,pass,flag,pass,1,
Im56_r2.jpg,1,resampling,skipped,skipped,flag,skipped,pass,1,
Im56_r3.jpg,1,resampling,pass,skipped,pass,flag,pass,1,
Im57_cm2.jpg,1,copy_move,skipped,skipped,pass,skipped,pass,0,
Im57_cm3.jpg,1,copy_move,skipped,skipped,pass,skipped,pass,0,
Im57_col2.jpg,1,colour_manipulation,skipped,skipped,pass,skipped,pass,0,
Im57_col3.jpg,1,colour_manipulation,pass,skipped,pass,flag,pass,1,
Im57_r2.jpg,1,resampling,skipped,skipped,pass,skipped,pass,0,
Im57_r3.jpg,1,resampling,skipped,skipped,pass,skipped,pass,0,
Im57_r4.jpg,1,resampling,skipped,skipped,pass,skipped,pass,0,
Im58_cm2.jpg,1,copy_move,skipped,skipped,pass,skipped,pass,0,
Im58_cm3.jpg,1,copy_move,skipped,skipped,pass,skipped,pass,0,
Im58_cm4.jpg,1,copy_move,pass,skipped,pass,skipped,pass,0,
Im58_col2.jpg,1,colour_manipulation,pass,skipped,pass,skipped,pass,0,
Im58_col3.jpg,1,colour_manipulation,skipped,skipped,pass,skipped,pass,0,
Im58_r2.jpg,1,resampling,skipped,skipped,pass,skipped,pass,0,
Im58_r3.jpg,1,resampling,skipped,skipped,flag,skipped,pass,1,
Im59_cm2.jpg,1,copy_move,pass,skipped,pass,flag,pass,1,
Im59_cm3.jpg,1,copy_move,pass,skipped,pass,flag,pass,1,
Im59_col2.jpg,1,colour_manipulation,pass,skipped,pass,flag,pass,1,
Im59_col3.jpg,1,colour_manipulation,pass,skipped,pass,pass,pass,0,
Im59_r2.jpg,1,resampling,skipped,skipped,pass,skipped,pass,0,
Im59_r3.jpg,1,resampling,flag,skipped,pass,flag,pass,2,
Im59_r4.jpg,1,resampling,skipped,skipped,pass,skipped,pass,0,
Im5_col2.jpg,1,colour_manipulation,skipped,skipped,pass,skipped,pass,0,
Im5_col3.jpg,1,colour_manipulation,pass,skipped,pass,skipped,pass,0,
Im5_col4.jpg,1,colour_manipulation,skipped,skipped,pass,skipped,pass,0,
Im5_f2.jpg,1,forgery,skipped,skipped,pass,skipped,pass,0,
Im5_f3.jpg,1,forgery,skipped,skipped,pass,skipped,pass,0,
Im5_r2.jpg,1,resampling,skipped,skipped,pass,skipped,pass,0,
Im5_r3.jpg,1,resampling,skipped,skipped,pass,skipped,pass,0,
Im60_cm2.jpg,1,copy_move,skipped,skipped,pass,skipped,pass,0,
Im60_cm3.jpg,1,copy_move,pass,skipped,pass,skipped,pass,0,
Im60_col2.jpg,1,colour_manipulation,skipped,skipped,pass,skipped,pass,0,
Im60_col3.jpg,1,colour_manipulation,skipped,skipped,pass,skipped,pass,0,
Im60_r2.jpg,1,resampling,skipped,skipped,pass,skipped,pass,0,
Im60_r3.jpg,1,resampling,skipped,skipped,pass,skipped,pass,0,
Im60_r4.jpg,1,resampling,skipped,skipped,pass,skipped,pass,0,
Im61_cm2.jpg,1,copy_move,pass,skipped,flag,skipped,pass,1,
Im61_cm3.jpg,1,copy_move,skipped,skipped,pass,skipped,pass,0,
Im61_cm4.jpg,1,copy_move,skipped,skipped,pass,skipped,pass,0,
Im61_col2.jpg,1,colour_manipulation,skipped,skipped,pass,skipped,pass,0,
Im61_col3.jpg,1,colour_manipulation,skipped,skipped,pass,skipped,pass,0,
Im61_r2.jpg,1,resampling,skipped,skipped,flag,skipped,pass,1,
Im61_r3.jpg,1,resampling,skipped,skipped,pass,skipped,pass,0,
Im62_cm2.jpg,1,copy_move,flag,skipped,pass,flag,pass,2,
Im62_cm3.jpg,1,copy_move,skipped,skipped,pass,skipped,pass,0,
Im62_col2.jpg,1,colour_manipulation,pass,skipped,pass,flag,pass,1,
Im62_col3.jpg,1,colour_manipulation,pass,skipped,pass,flag,pass,1,
Im62_col4.jpg,1,colour_manipulation,flag,skipped,pass,flag,pass,2,
Im62_r2.jpg,1,resampling,pass,skipped,pass,flag,pass,1,
Im62_r3.jpg,1,resampling,pass,skipped,pass,flag,pass,1,
Im63_cm2.jpg,1,copy_move,skipped,skipped,pass,skipped,pass,0,
Im63_cm3.jpg,1,copy_move,skipped,skipped,flag,skipped,pass,1,
Im63_col2.jpg,1,colour_manipulation,pass,skipped,pass,flag,pass,1,
Im63_col3.jpg,1,colour_manipulation,pass,skipped,pass,skipped,pass,0,
Im63_r2.jpg,1,resampling,flag,skipped,pass,flag,pass,2,
Im63_r3.jpg,1,resampling,skipped,skipped,flag,skipped,pass,1,
Im63_r4.jpg,1,resampling,skipped,skipped,pass,skipped,pass,0,
Im64_cm2.jpg,1,copy_move,pass,skipped,pass,flag,pass,1,
Im64_cm3.jpg,1,copy_move,pass,skipped,pass,skipped,pass,0,
Im64_cm4.jpg,1,copy_move,skipped,skipped,pass,skipped,pass,0,
Im64_col2.jpg,1,colour_manipulation,flag,skipped,pass,flag,pass,2,
Im64_col3.jpg,1,colour_manipulation,pass,skipped,flag,flag,pass,2,
Im64_r2.jpg,1,resampling,skipped,skipped,flag,skipped,pass,1,
Im64_r3.jpg,1,resampling,skipped,skipped,flag,skipped,pass,1,
Im65_cm2.jpg,1,copy_move,pass,skipped,pass,flag,pass,1,
Im65_cm3.jpg,1,copy_move,pass,skipped,pass,skipped,pass,0,
Im65_col2.jpg,1,colour_manipulation,skipped,skipped,pass,skipped,pass,0,
Im65_col3.jpg,1,colour_manipulation,pass,skipped,flag,flag,pass,2,
Im65_r2.jpg,1,resampling,skipped,skipped,flag,skipped,pass,1,
Im65_r3.jpg,1,resampling,skipped,skipped,flag,skipped,pass,1,
Im66_cm2.jpg,1,copy_move,pass,skipped,pass,skipped,pass,0,
Im66_cm3.jpg,1,copy_move,skipped,skipped,flag,skipped,pass,1,
Im66_col2.jpg,1,colour_manipulation,skipped,skipped,pass,skipped,pass,0,
Im66_col3.jpg,1,colour_manipulation,pass,skipped,pass,skipped,pass,0,
Im66_r2.jpg,1,resampling,skipped,skipped,flag,skipped,pass,1,
Im66_r3.jpg,1,resampling,skipped,skipped,flag,skipped,pass,1,
Im66_r4.jpg,1,resampling,pass,skipped,pass,skipped,pass,0,
Im67_cm2.jpg,1,copy_move,pass,skipped,pass,skipped,pass,0,
Im67_cm3.jpg,1,copy_move,skipped,skipped,flag,skipped,pass,1,
Im67_cm4.jpg,1,copy_move,pass,skipped,pass,skipped,pass,0,
Im67_col2.jpg,1,colour_manipulation,pass,skipped,pass,flag,pass,1,
Im67_col3.jpg,1,colour_manipulation,skipped,skipped,pass,skipped,pass,0,
Im67_r2.jpg,1,resampling,skipped,skipped,pass,skipped,pass,0,
Im67_r3.jpg,1,resampling,skipped,skipped,flag,skipped,pass,1,
Im68_cm2.jpg,1,copy_move,skipped,skipped,flag,skipped,pass,1,
Im68_cm3.jpg,1,copy_move,skipped,skipped,flag,skipped,pass,1,
Im68_col2.jpg,1,colour_manipulation,skipped,skipped,pass,skipped,pass,0,
Im68_col3.jpg,1,colour_manipulation,skipped,skipped,pass,skipped,pass,0,
Im68_col4.jpg,1,colour_manipulation,skipped,skipped,pass,skipped,pass,0,
Im68_r2.jpg,1,resampling,skipped,skipped,pass,skipped,pass,0,
Im68_r3.jpg,1,resampling,skipped,skipped,flag,skipped,pass,1,
Im69_cm2.jpg,1,copy_move,pass,skipped,pass,flag,pass,1,
Im69_cm3.jpg,1,copy_move,skipped,skipped,pass,skipped,pass,0,
Im69_cm4.jpg,1,copy_move,skipped,skipped,pass,skipped,pass,0,
Im69_col2.jpg,1,colour_manipulation,pass,skipped,pass,skipped,pass,0,
Im69_col3.jpg,1,colour_manipulation,pass,skipped,pass,skipped,pass,0,
Im69_r2.jpg,1,resampling,skipped,skipped,flag,skipped,pass,1,
Im69_r3.jpg,1,resampling,pass,skipped,pass,flag,pass,1,
Im6_col2.jpg,1,colour_manipulation,pass,skipped,pass,pass,pass,0,
Im6_col3.jpg,1,colour_manipulation,skipped,skipped,pass,skipped,pass,0,
Im6_f2.jpg,1,forgery,pass,skipped,pass,pass,pass,0,
Im6_f3.jpg,1,forgery,pass,skipped,pass,skipped,pass,0,
Im6_r2.jpg,1,resampling,skipped,skipped,pass,skipped,pass,0,
Im6_r3.jpg,1,resampling,skipped,skipped,pass,skipped,pass,0,
Im6_r4.jpg,1,resampling,skipped,skipped,pass,skipped,pass,0,
Im70_cm2.jpg,1,copy_move,pass,skipped,pass,flag,pass,1,
Im70_cm3.jpg,1,copy_move,skipped,skipped,pass,skipped,pass,0,
Im70_col2.jpg,1,colour_manipulation,pass,skipped,pass,flag,pass,1,
Im70_col3.jpg,1,colour_manipulation,skipped,skipped,pass,skipped,pass,0,
Im70_col4.jpg,1,colour_manipulation,pass,skipped,pass,skipped,pass,0,
Im70_r2.jpg,1,resampling,pass,skipped,pass,skipped,pass,0,
Im70_r3.jpg,1,resampling,pass,skipped,pass,flag,pass,1,
Im71_cm2.jpg,1,copy_move,skipped,skipped,flag,skipped,pass,1,
Im71_cm3.jpg,1,copy_move,skipped,skipped,pass,skipped,pass,0,
Im71_col2.jpg,1,colour_manipulation,pass,skipped,pass,skipped,pass,0,
Im71_col3.jpg,1,colour_manipulation,pass,skipped,pass,skipped,pass,0,
Im71_col4.jpg,1,colour_manipulation,skipped,skipped,pass,skipped,pass,0,
Im71_r2.jpg,1,resampling,skipped,skipped,pass,skipped,pass,0,
Im71_r3.jpg,1,resampling,skipped,skipped,pass,skipped,pass,0,
Im72_cm2.jpg,1,copy_move,skipped,skipped,pass,skipped,pass,0,
Im72_cm3.jpg,1,copy_move,skipped,skipped,pass,skipped,pass,0,
Im72_col2.jpg,1,colour_manipulation,skipped,skipped,pass,skipped,pass,0,
Im72_col3.jpg,1,colour_manipulation,skipped,skipped,pass,skipped,pass,0,
Im72_r2.jpg,1,resampling,skipped,skipped,pass,skipped,pass,0,
Im72_r3.jpg,1,resampling,skipped,skipped,flag,skipped,pass,1,
Im72_r4.jpg,1,resampling,skipped,skipped,pass,skipped,pass,0,
Im73_cm2.jpg,1,copy_move,skipped,skipped,pass,skipped,pass,0,
Im73_cm3.jpg,1,copy_move,flag,skipped,pass,flag,pass,2,
Im73_col2.jpg,1,colour_manipulation,skipped,skipped,pass,skipped,pass,0,
Im73_col3.jpg,1,colour_manipulation,pass,skipped,pass,skipped,pass,0,
Im73_col4.jpg,1,colour_manipulation,pass,skipped,pass,skipped,pass,0,
Im73_r2.jpg,1,resampling,skipped,skipped,flag,skipped,pass,1,
Im73_r3.jpg,1,resampling,skipped,skipped,flag,skipped,pass,1,
Im74_cm2.jpg,1,copy_move,skipped,skipped,pass,skipped,pass,0,
Im74_cm3.jpg,1,copy_move,flag,skipped,pass,pass,pass,1,
Im74_col2.jpg,1,colour_manipulation,pass,skipped,pass,flag,pass,1,
Im74_col3.jpg,1,colour_manipulation,flag,skipped,pass,flag,pass,2,
Im74_r2.jpg,1,resampling,skipped,skipped,flag,skipped,pass,1,
Im74_r3.jpg,1,resampling,skipped,skipped,pass,skipped,pass,0,
Im74_r4.jpg,1,resampling,skipped,skipped,pass,skipped,pass,0,
Im75_cm2.jpg,1,copy_move,skipped,skipped,flag,skipped,pass,1,
Im75_cm3.jpg,1,copy_move,flag,skipped,pass,flag,pass,2,
Im75_col2.jpg,1,colour_manipulation,flag,skipped,pass,flag,pass,2,
Im75_col3.jpg,1,colour_manipulation,pass,skipped,pass,flag,pass,1,
Im75_r2.jpg,1,resampling,pass,skipped,pass,skipped,pass,0,
Im75_r3.jpg,1,resampling,skipped,skipped,pass,skipped,pass,0,
Im76_cm2.jpg,1,copy_move,skipped,skipped,pass,skipped,pass,0,
Im76_cm3.jpg,1,copy_move,skipped,skipped,pass,skipped,pass,0,
Im76_col2.jpg,1,colour_manipulation,skipped,skipped,pass,skipped,pass,0,
Im76_col3.jpg,1,colour_manipulation,pass,skipped,pass,skipped,pass,0,
Im76_col4.jpg,1,colour_manipulation,skipped,skipped,pass,skipped,pass,0,
Im76_r2.jpg,1,resampling,skipped,skipped,pass,skipped,pass,0,
Im76_r3.jpg,1,resampling,skipped,skipped,pass,skipped,pass,0,
Im77_cm2.jpg,1,copy_move,pass,skipped,pass,flag,pass,1,
Im77_cm3.jpg,1,copy_move,skipped,skipped,pass,skipped,pass,0,
Im77_col2.jpg,1,colour_manipulation,pass,skipped,pass,flag,pass,1,
Im77_col3.jpg,1,colour_manipulation,flag,skipped,pass,flag,pass,2,
Im77_r2.jpg,1,resampling,skipped,skipped,pass,skipped,pass,0,
Im77_r3.jpg,1,resampling,skipped,skipped,pass,skipped,pass,0,
Im77_r4.jpg,1,resampling,skipped,skipped,flag,skipped,pass,1,
Im78_cm2.jpg,1,copy_move,skipped,skipped,flag,skipped,pass,1,
Im78_cm3.jpg,1,copy_move,skipped,skipped,pass,skipped,pass,0,
Im78_cm4.jpg,1,copy_move,skipped,skipped,pass,skipped,pass,0,
Im78_col2.jpg,1,colour_manipulation,flag,skipped,pass,flag,pass,2,
Im78_col3.jpg,1,colour_manipulation,skipped,skipped,pass,skipped,pass,0,
Im78_r2.jpg,1,resampling,skipped,skipped,flag,skipped,pass,1,
Im78_r3.jpg,1,resampling,skipped,skipped,pass,skipped,pass,0,
Im79_cm2.jpg,1,copy_move,skipped,skipped,pass,skipped,pass,0,
Im79_cm3.jpg,1,copy_move,skipped,skipped,pass,skipped,pass,0,
Im79_cm4.jpg,1,copy_move,skipped,skipped,pass,skipped,pass,0,
Im79_col2.jpg,1,colour_manipulation,pass,skipped,pass,flag,pass,1,
Im79_col3.jpg,1,colour_manipulation,pass,skipped,pass,flag,pass,1,
Im79_r2.jpg,1,resampling,pass,skipped,flag,flag,pass,2,
Im79_r3.jpg,1,resampling,skipped,skipped,flag,skipped,pass,1,
Im7_col2.jpg,1,colour_manipulation,skipped,skipped,pass,skipped,pass,0,
Im7_col3.jpg,1,colour_manipulation,skipped,skipped,pass,skipped,pass,0,
Im7_col4.jpg,1,colour_manipulation,skipped,skipped,pass,skipped,pass,0,
Im7_f2.jpg,1,forgery,skipped,skipped,pass,skipped,pass,0,
Im7_f3.jpg,1,forgery,skipped,skipped,pass,skipped,pass,0,
Im7_r2.jpg,1,resampling,skipped,skipped,pass,skipped,pass,0,
Im7_r3.jpg,1,resampling,skipped,skipped,pass,skipped,pass,0,
Im80_cm2.jpg,1,copy_move,pass,skipped,pass,skipped,pass,0,
Im80_cm3.jpg,1,copy_move,skipped,skipped,pass,skipped,pass,0,
Im80_col2.jpg,1,colour_manipulation,pass,skipped,flag,flag,pass,2,
Im80_col3.jpg,1,colour_manipulation,skipped,skipped,pass,skipped,pass,0,
Im80_col4.jpg,1,colour_manipulation,skipped,skipped,pass,skipped,pass,0,
Im80_r2.jpg,1,resampling,pass,skipped,pass,flag,pass,1,
Im80_r3.jpg,1,resampling,pass,skipped,pass,flag,pass,1,
Im81_cm2.jpg,1,copy_move,skipped,skipped,flag,skipped,pass,1,
Im81_cm3.jpg,1,copy_move,skipped,skipped,pass,skipped,pass,0,
Im81_col2.jpg,1,colour_manipulation,pass,skipped,pass,flag,pass,1,
Im81_col3.jpg,1,colour_manipulation,skipped,skipped,pass,skipped,pass,0,
Im81_r2.jpg,1,resampling,skipped,skipped,pass,skipped,pass,0,
Im81_r3.jpg,1,resampling,skipped,skipped,flag,skipped,pass,1,
Im81_r4.jpg,1,resampling,pass,skipped,pass,skipped,pass,0,
Im82_cm2.jpg,1,copy_move,skipped,skipped,pass,skipped,pass,0,
Im82_cm3.jpg,1,copy_move,skipped,skipped,pass,skipped,pass,0,
Im82_col2.jpg,1,colour_manipulation,skipped,skipped,pass,skipped,pass,0,
Im82_col3.jpg,1,colour_manipulation,pass,skipped,pass,flag,pass,1,
Im82_col4.jpg,1,colour_manipulation,pass,skipped,pass,skipped,pass,0,
Im82_r2.jpg,1,resampling,skipped,skipped,pass,skipped,pass,0,
Im82_r3.jpg,1,resampling,skipped,skipped,flag,skipped,pass,1,
Im83_cm2.jpg,1,copy_move,skipped,skipped,pass,skipped,pass,0,
Im83_cm3.jpg,1,copy_move,skipped,skipped,pass,skipped,pass,0,
Im83_col2.jpg,1,colour_manipulation,skipped,skipped,pass,skipped,pass,0,
Im83_col3.jpg,1,colour_manipulation,skipped,skipped,pass,skipped,pass,0,
Im83_col4.jpg,1,colour_manipulation,skipped,skipped,pass,skipped,pass,0,
Im83_r2.jpg,1,resampling,skipped,skipped,pass,skipped,pass,0,
Im83_r3.jpg,1,resampling,skipped,skipped,pass,skipped,pass,0,
Im84_cm2.jpg,1,copy_move,skipped,skipped,flag,skipped,pass,1,
Im84_cm3.jpg,1,copy_move,pass,skipped,pass,skipped,pass,0,
Im84_col2.jpg,1,colour_manipulation,skipped,skipped,pass,skipped,pass,0,
Im84_col3.jpg,1,colour_manipulation,flag,skipped,pass,flag,pass,2,
Im84_r2.jpg,1,resampling,pass,skipped,pass,skipped,pass,0,
Im84_r3.jpg,1,resampling,pass,skipped,pass,flag,pass,1,
Im84_r4.jpg,1,resampling,skipped,skipped,pass,skipped,pass,0,
Im85_cm2.jpg,1,copy_move,pass,skipped,pass,flag,pass,1,
Im85_cm3.jpg,1,copy_move,pass,skipped,pass,flag,pass,1,
Im85_cm4.jpg,1,copy_move,skipped,skipped,flag,skipped,pass,1,
Im85_col2.jpg,1,colour_manipulation,pass,skipped,pass,pass,pass,0,
Im85_col3.jpg,1,colour_manipulation,skipped,skipped,flag,skipped,pass,1,
Im85_r2.jpg,1,resampling,skipped,skipped,flag,skipped,pass,1,
Im85_r3.jpg,1,resampling,skipped,skipped,flag,skipped,pass,1,
Im86_cm2.jpg,1,copy_move,skipped,skipped,pass,skipped,pass,0,
Im86_cm3.jpg,1,copy_move,skipped,skipped,pass,skipped,pass,0,
Im86_col2.jpg,1,colour_manipulation,skipped,skipped,pass,skipped,pass,0,
Im86_col3.jpg,1,colour_manipulation,pass,skipped,pass,flag,pass,1,
Im86_col4.jpg,1,colour_manipulation,skipped,skipped,pass,skipped,pass,0,
Im86_r2.jpg,1,resampling,skipped,skipped,flag,skipped,pass,1,
Im86_r3.jpg,1,resampling,pass,skipped,pass,flag,pass,1,
Im87_cm2.jpg,1,copy_move,pass,skipped,pass,pass,pass,0,
Im87_cm3.jpg,1,copy_move,skipped,skipped,pass,skipped,pass,0,
Im87_cm4.jpg,1,copy_move,skipped,skipped,pass,skipped,pass,0,
Im87_col2.jpg,1,colour_manipulation,skipped,skipped,pass,skipped,pass,0,
Im87_col3.jpg,1,colour_manipulation,skipped,skipped,pass,skipped,pass,0,
Im87_r2.jpg,1,resampling,pass,skipped,pass,skipped,pass,0,
Im87_r3.jpg,1,resampling,pass,skipped,flag,skipped,pass,1,
Im88_cm2.jpg,1,copy_move,skipped,skipped,pass,skipped,pass,0,
Im88_cm3.jpg,1,copy_move,skipped,skipped,pass,skipped,pass,0,
Im88_col2.jpg,1,colour_manipulation,pass,skipped,pass,flag,pass,1,
Im88_col3.jpg,1,colour_manipulation,pass,skipped,pass,pass,pass,0,
Im88_col4.jpg,1,colour_manipulation,skipped,skipped,pass,skipped,pass,0,
Im88_r2.jpg,1,resampling,skipped,skipped,pass,skipped,pass,0,
Im88_r3.jpg,1,resampling,skipped,skipped,pass,skipped,pass,0,
Im89_cm2.jpg,1,copy_move,skipped,skipped,flag,skipped,pass,1,
Im89_cm3.jpg,1,copy_move,skipped,skipped,pass,skipped,pass,0,
Im89_col2.jpg,1,colour_manipulation,skipped,skipped,pass,skipped,pass,0,
Im89_col3.jpg,1,colour_manipulation,skipped,skipped,pass,skipped,pass,0,
Im89_col4.jpg,1,colour_manipulation,skipped,skipped,pass,skipped,pass,0,
Im89_r2.jpg,1,resampling,skipped,skipped,flag,skipped,pass,1,
Im89_r3.jpg,1,resampling,pass,skipped,flag,skipped,pass,1,
Im8_col2.jpg,1,colour_manipulation,skipped,skipped,pass,skipped,pass,0,
Im8_col3.jpg,1,colour_manipulation,skipped,skipped,pass,skipped,pass,0,
Im8_f2.jpg,1,forgery,pass,skipped,pass,flag,pass,1,
Im8_f3.jpg,1,forgery,skipped,skipped,pass,skipped,pass,0,
Im8_f4.jpg,1,forgery,pass,skipped,pass,flag,pass,1,
Im8_r2.jpg,1,resampling,skipped,skipped,pass,skipped,pass,0,
Im8_r3.jpg,1,resampling,pass,skipped,pass,flag,pass,1,
Im90_cm2.jpg,1,copy_move,pass,skipped,pass,skipped,pass,0,
Im90_cm3.jpg,1,copy_move,skipped,skipped,pass,skipped,pass,0,
Im90_col2.jpg,1,colour_manipulation,pass,skipped,pass,flag,pass,1,
Im90_col3.jpg,1,colour_manipulation,pass,skipped,pass,flag,pass,1,
Im90_r2.jpg,1,resampling,skipped,skipped,pass,skipped,pass,0,
Im90_r3.jpg,1,resampling,skipped,skipped,flag,skipped,pass,1,
Im90_r4.jpg,1,resampling,skipped,skipped,flag,skipped,pass,1,
Im91_cm2.jpg,1,copy_move,pass,skipped,pass,skipped,pass,0,
Im91_cm3.jpg,1,copy_move,skipped,skipped,pass,skipped,pass,0,
Im91_col2.jpg,1,colour_manipulation,pass,skipped,pass,skipped,pass,0,
Im91_col3.jpg,1,colour_manipulation,pass,skipped,pass,flag,pass,1,
Im91_r2.jpg,1,resampling,skipped,skipped,pass,skipped,pass,0,
Im91_r3.jpg,1,resampling,pass,skipped,pass,flag,pass,1,
Im91_r4.jpg,1,resampling,skipped,skipped,flag,skipped,pass,1,
Im92_cm2.jpg,1,copy_move,skipped,skipped,pass,skipped,pass,0,
Im92_cm3.jpg,1,copy_move,skipped,skipped,flag,skipped,pass,1,
Im92_col2.jpg,1,colour_manipulation,pass,skipped,pass,pass,pass,0,
Im92_col3.jpg,1,colour_manipulation,skipped,skipped,pass,skipped,pass,0,
Im92_col4.jpg,1,colour_manipulation,skipped,skipped,pass,skipped,pass,0,
Im92_r2.jpg,1,resampling,skipped,skipped,pass,skipped,pass,0,
Im92_r3.jpg,1,resampling,skipped,skipped,pass,skipped,pass,0,
Im93_cm2.jpg,1,copy_move,skipped,skipped,pass,skipped,pass,0,
Im93_cm3.jpg,1,copy_move,skipped,skipped,pass,skipped,pass,0,
Im93_col2.jpg,1,colour_manipulation,pass,skipped,pass,skipped,pass,0,
Im93_col3.jpg,1,colour_manipulation,flag,skipped,pass,flag,pass,2,
Im93_r2.jpg,1,resampling,pass,skipped,pass,skipped,pass,0,
Im93_r3.jpg,1,resampling,skipped,skipped,pass,skipped,pass,0,
Im93_r4.jpg,1,resampling,skipped,skipped,pass,skipped,pass,0,
Im94_cm2.jpg,1,copy_move,skipped,skipped,pass,skipped,pass,0,
Im94_cm3.jpg,1,copy_move,skipped,skipped,pass,skipped,pass,0,
Im94_cm4.jpg,1,copy_move,skipped,skipped,flag,skipped,pass,1,
Im94_col2.jpg,1,colour_manipulation,skipped,skipped,pass,skipped,pass,0,
Im94_col3.jpg,1,colour_manipulation,skipped,skipped,pass,skipped,pass,0,
Im94_r2.jpg,1,resampling,skipped,skipped,pass,skipped,pass,0,
Im94_r3.jpg,1,resampling,skipped,skipped,flag,skipped,pass,1,
Im95_cm2.jpg,1,copy_move,skipped,skipped,pass,skipped,pass,0,
Im95_cm3.jpg,1,copy_move,skipped,skipped,pass,skipped,pass,0,
Im95_col2.jpg,1,colour_manipulation,pass,skipped,pass,flag,pass,1,
Im95_col3.jpg,1,colour_manipulation,pass,skipped,pass,skipped,pass,0,
Im95_col4.jpg,1,colour_manipulation,skipped,skipped,pass,skipped,pass,0,
Im95_r2.jpg,1,resampling,skipped,skipped,flag,skipped,pass,1,
Im95_r3.jpg,1,resampling,flag,skipped,pass,flag,pass,2,
Im96_cm2.jpg,1,copy_move,pass,skipped,pass,flag,pass,1,
Im96_cm3.jpg,1,copy_move,skipped,skipped,pass,skipped,pass,0,
Im96_col3.jpg,1,colour_manipulation,skipped,skipped,pass,skipped,pass,0,
Im96_r2.jpg,1,resampling,skipped,skipped,flag,skipped,pass,1,
Im96_r3.jpg,1,resampling,pass,skipped,pass,flag,pass,1,
Im96_r4.jpg,1,resampling,skipped,skipped,pass,skipped,pass,0,
Im97_cm2.jpg,1,copy_move,pass,skipped,pass,flag,pass,1,
Im97_cm3.jpg,1,copy_move,pass,skipped,pass,flag,pass,1,
Im97_cm4.jpg,1,copy_move,skipped,skipped,pass,skipped,pass,0,
Im97_col2.jpg,1,colour_manipulation,skipped,skipped,pass,skipped,pass,0,
Im97_col3.jpg,1,colour_manipulation,skipped,skipped,pass,skipped,pass,0,
Im97_r2.jpg,1,resampling,skipped,skipped,flag,skipped,pass,1,
Im97_r3.jpg,1,resampling,pass,skipped,pass,skipped,pass,0,
Im98_cm2.jpg,1,copy_move,skipped,skipped,pass,skipped,pass,0,
Im98_cm3.jpg,1,copy_move,skipped,skipped,pass,skipped,pass,0,
Im98_col2.jpg,1,colour_manipulation,skipped,skipped,pass,skipped,pass,0,
Im98_col3.jpg,1,colour_manipulation,pass,skipped,flag,flag,pass,2,
Im98_col4.jpg,1,colour_manipulation,skipped,skipped,pass,skipped,pass,0,
Im98_r2.jpg,1,resampling,pass,skipped,pass,pass,pass,0,
Im98_r3.jpg,1,resampling,skipped,skipped,pass,skipped,pass,0,
Im99_cm2.jpg,1,copy_move,pass,skipped,pass,flag,pass,1,
Im99_cm3.jpg,1,copy_move,skipped,skipped,pass,skipped,pass,0,
Im99_col2.jpg,1,colour_manipulation,skipped,skipped,pass,skipped,pass,0,
Im99_col3.jpg,1,colour_manipulation,skipped,skipped,pass,skipped,pass,0,
Im99_r2.jpg,1,resampling,skipped,skipped,pass,skipped,pass,0,
Im99_r3.jpg,1,resampling,skipped,skipped,pass,skipped,pass,0,
Im99_r4.jpg,1,resampling,skipped,skipped,pass,skipped,pass,0,
Im9_col2.jpg,1,colour_manipulation,skipped,skipped,pass,skipped,pass,0,
Im9_col3.jpg,1,colour_manipulation,flag,skipped,pass,flag,pass,2,
Im9_col4.jpg,1,colour_manipulation,pass,skipped,pass,flag,pass,1,
Im9_f2.jpg,1,forgery,flag,skipped,pass,flag,pass,2,
Im9_f3.jpg,1,forgery,pass,skipped,pass,flag,pass,1,
Im9_r2.jpg,1,resampling,flag,skipped,pass,flag,pass,2,
Im9_r3.jpg,1,resampling,pass,skipped,pass,flag,pass,1,
